Workbook

Sheet Country_1
A1: Country_1 M&E Tracker
A2: Output Indicator ID | B2: Output Indicator Description | C2: Activity ID | D2: Activity Name | E2: Component | F2: Country of Implementation | G2: Start Date | H2: End Date | I2: Program Year | J2: Quarter of Implementation | K2: Planned Number of Participants | L2: Actual Number of Participants | M2: % Achievement | N2: Means of Verification (Primary) | O2: Use Second Verification? (Yes/No) | P2: Status | Q2: Comments / Risks / Issues
A3: OI-101 | B3: People trained in targeted skills | C3: C1A001 | D3: Training workshop 1 | E3: Training | F3: Country_1 | G3: 45292 | H3: 45382 | I3: Year 1 | J3: Y1Q1 | K3: 42 | L3: 52 | M3: =IF(OR(K3="",L3=""),"",IFERROR(L3/K3,0)) -> 1.2380952 | N3: Signed attendance sheet; pre/post test forms | O3: No | P3: Completed | Q3: Completed as scheduled.
A4: OI-102 | B4: Community outreach events delivered | C4: C1A002 | D4: Community outreach campaign 2 | E4: Outreach | F4: Country_1 | G4: 45383 | H4: 45473 | I4: Year 1 | J4: Y1Q2 | K4: 47 | L4: 53 | M4: =IF(OR(K4="",L4=""),"",IFERROR(L4/K4,0)) -> 1.1276596 | N4: Activity report; photo log | O4: Yes | P4: Completed | Q4: Completed as scheduled.
A5: OI-103 | B5: Supportive supervision visits conducted | C5: C1A003 | D5: Supportive supervision visit 3 | E5: Monitoring | F5: Country_1 | G5: 45474 | H5: 45565 | I5: Year 1 | J5: Y1Q3 | K5: 52 | L5: 54 | M5: =IF(OR(K5="",L5=""),"",IFERROR(L5/K5,0)) -> 1.0384615 | N5: Supervision checklist; visit report | O5: No | P5: Completed | Q5: Completed as scheduled.
A6: OI-104 | B6: Policy dialogues facilitated | C6: C1A004 | D6: Policy dialogue 4 | E6: Advocacy | F6: Country_1 | G6: 45566 | H6: 45657 | I6: Year 1 | J6: Y1Q4 | K6: 57 | L6: 55 | M6: =IF(OR(K6="",L6=""),"",IFERROR(L6/K6,0)) -> 0.96491228 | N6: Meeting minutes; participant list | O6: No | P6: In progress | Q6: Final attendance reconciliation pending.
A7: OI-101 | B7: People trained in targeted skills | C7: C1A005 | D7: Training workshop 5 | E7: Training | F7: Country_1 | G7: 45658 | H7: 45747 | I7: Year 2 | J7: Y2Q1 | K7: 62 | L7: 56 | M7: =IF(OR(K7="",L7=""),"",IFERROR(L7/K7,0)) -> 0.90322581 | N7: Signed attendance sheet; pre/post test forms | O7: Yes | P7: In progress | Q7: Final attendance reconciliation pending.
A8: OI-102 | B8: Community outreach events delivered | C8: C1A006 | D8: Community outreach campaign 6 | E8: Outreach | F8: Country_1 | G8: 45748 | H8: 45838 | I8: Year 2 | J8: Y2Q2 | K8: 67 | L8: 57 | M8: =IF(OR(K8="",L8=""),"",IFERROR(L8/K8,0)) -> 0.85074627 | N8: Activity report; photo log | O8: No | P8: In progress | Q8: Final attendance reconciliation pending.
F9: Country_1 | M9: =IF(OR(K9="",L9=""),"",IFERROR(L9/K9,0))
F10: Country_1 | M10: =IF(OR(K10="",L10=""),"",IFERROR(L10/K10,0))
F11: Country_1 | M11: =IF(OR(K11="",L11=""),"",IFERROR(L11/K11,0))
F12: Country_1 | M12: =IF(OR(K12="",L12=""),"",IFERROR(L12/K12,0))
F13: Country_1 | M13: =IF(OR(K13="",L13=""),"",IFERROR(L13/K13,0))
F14: Country_1 | M14: =IF(OR(K14="",L14=""),"",IFERROR(L14/K14,0))
F15: Country_1 | M15: =IF(OR(K15="",L15=""),"",IFERROR(L15/K15,0))
F16: Country_1 | M16: =IF(OR(K16="",L16=""),"",IFERROR(L16/K16,0))
F17: Country_1 | M17: =IF(OR(K17="",L17=""),"",IFERROR(L17/K17,0))
F18: Country_1 | M18: =IF(OR(K18="",L18=""),"",IFERROR(L18/K18,0))
F19: Country_1 | M19: =IF(OR(K19="",L19=""),"",IFERROR(L19/K19,0))
F20: Country_1 | M20: =IF(OR(K20="",L20=""),"",IFERROR(L20/K20,0))
... F102: Country_1 | M102: =IF(OR(K102="",L102=""),"",IFERROR(L102/K102,0))
A105: Second Verification Tracker
A106: Activity ID | B106: Output Indicator ID | C106: Second Verification Type | D106: Verification Description | E106: Verification Date | F106: Verification Status | G106: Verification File Reference / Link
A107: C1A002 | B107: OI-102 | C107: Digital Verification | D107: Digital Verification completed for C1A002 | E107: 45487 | F107: Complete | G107: Ref/Country_1/C1A002
A108: C1A005 | B108: OI-101 | C108: Phone Check | D108: Phone Check scheduled / under review for C1A005 | E108: 45761 | F108: In Review | G108: Ref/Country_1/C1A005

Sheet Country_2
A1: Country_2 M&E Tracker
A2: Output Indicator ID | B2: Output Indicator Description | C2: Activity ID | D2: Activity Name | E2: Component | F2: Country of Implementation | G2: Start Date | H2: End Date | I2: Program Year | J2: Quarter of Implementation | K2: Planned Number of Participants | L2: Actual Number of Participants | M2: % Achievement | N2: Means of Verification (Primary) | O2: Use Second Verification? (Yes/No) | P2: Status | Q2: Comments / Risks / Issues
A3: OI-102 | B3: Community outreach events delivered | C3: C2A001 | D3: Community outreach campaign 1 | E3: Outreach | F3: Country_2 | G3: 45839 | H3: 45930 | I3: Year 2 | J3: Y2Q3 | K3: 49 | L3: 41 | M3: =IF(OR(K3="",L3=""),"",IFERROR(L3/K3,0)) -> 0.83673469 | N3: Activity report; photo log | O3: Yes | P3: In progress | Q3: Final attendance reconciliation pending.
A4: OI-103 | B4: Supportive supervision visits conducted | C4: C2A002 | D4: Supportive supervision visit 2 | E4: Monitoring | F4: Country_2 | G4: 45931 | H4: 46022 | I4: Year 2 | J4: Y2Q4 | K4: 54 | L4: 63 | M4: =IF(OR(K4="",L4=""),"",IFERROR(L4/K4,0)) -> 1.1666667 | N4: Supervision checklist; visit report | O4: No | P4: Completed | Q4: Completed as scheduled.
A5: OI-104 | B5: Policy dialogues facilitated | C5: C2A003 | D5: Policy dialogue 3 | E5: Advocacy | F5: Country_2 | G5: 46023 | H5: 46112 | I5: Year 3 | J5: Y3Q1 | K5: 59 | L5: 64 | M5: =IF(OR(K5="",L5=""),"",IFERROR(L5/K5,0)) -> 1.0847458 | N5: Meeting minutes; participant list | O5: No | P5: Completed | Q5: Completed as scheduled.
A6: OI-101 | B6: People trained in targeted skills | C6: C2A004 | D6: Training workshop 4 | E6: Training | F6: Country_2 | G6: 46113 | H6: 46203 | I6: Year 3 | J6: Y3Q2 | K6: 64 | L6: 65 | M6: =IF(OR(K6="",L6=""),"",IFERROR(L6/K6,0)) -> 1.015625 | N6: Signed attendance sheet; pre/post test forms | O6: Yes | P6: Completed | Q6: Completed as scheduled.
A7: OI-102 | B7: Community outreach events delivered | C7: C2A005 | D7: Community outreach campaign 5 | E7: Outreach | F7: Country_2 | G7: 46204 | H7: 46295 | I7: Year 3 | J7: Y3Q3 | K7: 69 | L7: 0 | M7: =IF(OR(K7="",L7=""),"",IFERROR(L7/K7,0)) -> 0 | N7: Activity report; photo log | O7: No | P7: Not started | Q7: Planned for a future quarter.
A8: OI-103 | B8: Supportive supervision visits conducted | C8: C2A006 | D8: Supportive supervision visit 6 | E8: Monitoring | F8: Country_2 | G8: 46296 | H8: 46387 | I8: Year 3 | J8: Y3Q4 | K8: 74 | L8: 0 | M8: =IF(OR(K8="",L8=""),"",IFERROR(L8/K8,0)) -> 0 | N8: Supervision checklist; visit report | O8: No | P8: Not started | Q8: Planned for a future quarter.
F9: Country_2 | M9: =IF(OR(K9="",L9=""),"",IFERROR(L9/K9,0))
F10: Country_2 | M10: =IF(OR(K10="",L10=""),"",IFERROR(L10/K10,0))
F11: Country_2 | M11: =IF(OR(K11="",L11=""),"",IFERROR(L11/K11,0))
F12: Country_2 | M12: =IF(OR(K12="",L12=""),"",IFERROR(L12/K12,0))
F13: Country_2 | M13: =IF(OR(K13="",L13=""),"",IFERROR(L13/K13,0))
F14: Country_2 | M14: =IF(OR(K14="",L14=""),"",IFERROR(L14/K14,0))
F15: Country_2 | M15: =IF(OR(K15="",L15=""),"",IFERROR(L15/K15,0))
F16: Country_2 | M16: =IF(OR(K16="",L16=""),"",IFERROR(L16/K16,0))
F17: Country_2 | M17: =IF(OR(K17="",L17=""),"",IFERROR(L17/K17,0))
F18: Country_2 | M18: =IF(OR(K18="",L18=""),"",IFERROR(L18/K18,0))
F19: Country_2 | M19: =IF(OR(K19="",L19=""),"",IFERROR(L19/K19,0))
F20: Country_2 | M20: =IF(OR(K20="",L20=""),"",IFERROR(L20/K20,0))
... F102: Country_2 | M102: =IF(OR(K102="",L102=""),"",IFERROR(L102/K102,0))
A105: Second Verification Tracker
A106: Activity ID | B106: Output Indicator ID | C106: Second Verification Type | D106: Verification Description | E106: Verification Date | F106: Verification Status | G106: Verification File Reference / Link
A107: C2A001 | B107: OI-102 | C107: Digital Verification | D107: Digital Verification scheduled / under review for C2A001 | E107: 45944 | F107: In Review | G107: Ref/Country_2/C2A001
A108: C2A004 | B108: OI-101 | C108: Phone Check | D108: Phone Check completed for C2A004 | E108: 46217 | F108: Complete | G108: Ref/Country_2/C2A004

Sheet Country_3
A1: Country_3 M&E Tracker
A2: Output Indicator ID | B2: Output Indicator Description | C2: Activity ID | D2: Activity Name | E2: Component | F2: Country of Implementation | G2: Start Date | H2: End Date | I2: Program Year | J2: Quarter of Implementation | K2: Planned Number of Participants | L2: Actual Number of Participants | M2: % Achievement | N2: Means of Verification (Primary) | O2: Use Second Verification? (Yes/No) | P2: Status | Q2: Comments / Risks / Issues
A3: OI-103 | B3: Supportive supervision visits conducted | C3: C3A001 | D3: Supportive supervision visit 1 | E3: Monitoring | F3: Country_3 | G3: 45292 | H3: 45382 | I3: Year 1 | J3: Y1Q1 | K3: 56 | L3: 51 | M3: =IF(OR(K3="",L3=""),"",IFERROR(L3/K3,0)) -> 0.91071429 | N3: Supervision checklist; visit report | O3: No | P3: In progress | Q3: Final attendance reconciliation pending.
A4: OI-104 | B4: Policy dialogues facilitated | C4: C3A002 | D4: Policy dialogue 2 | E4: Advocacy | F4: Country_3 | G4: 45383 | H4: 45473 | I4: Year 1 | J4: Y1Q2 | K4: 61 | L4: 52 | M4: =IF(OR(K4="",L4=""),"",IFERROR(L4/K4,0)) -> 0.85245902 | N4: Meeting minutes; participant list | O4: No | P4: In progress | Q4: Final attendance reconciliation pending.
A5: OI-101 | B5: People trained in targeted skills | C5: C3A003 | D5: Training workshop 3 | E5: Training | F5: Country_3 | G5: 45474 | H5: 45565 | I5: Year 1 | J5: Y1Q3 | K5: 66 | L5: 74 | M5: =IF(OR(K5="",L5=""),"",IFERROR(L5/K5,0)) -> 1.1212121 | N5: Signed attendance sheet; pre/post test forms | O5: Yes | P5: Completed | Q5: Completed as scheduled.
A6: OI-102 | B6: Community outreach events delivered | C6: C3A004 | D6: Community outreach campaign 4 | E6: Outreach | F6: Country_3 | G6: 45566 | H6: 45657 | I6: Year 1 | J6: Y1Q4 | K6: 71 | L6: 75 | M6: =IF(OR(K6="",L6=""),"",IFERROR(L6/K6,0)) -> 1.056338 | N6: Activity report; photo log | O6: No | P6: Completed | Q6: Completed as scheduled.
A7: OI-103 | B7: Supportive supervision visits conducted | C7: C3A005 | D7: Supportive supervision visit 5 | E7: Monitoring | F7: Country_3 | G7: 45658 | H7: 45747 | I7: Year 2 | J7: Y2Q1 | K7: 76 | L7: 76 | M7: =IF(OR(K7="",L7=""),"",IFERROR(L7/K7,0)) -> 1 | N7: Supervision checklist; visit report | O7: No | P7: Completed | Q7: Completed as scheduled.
A8: OI-104 | B8: Policy dialogues facilitated | C8: C3A006 | D8: Policy dialogue 6 | E8: Advocacy | F8: Country_3 | G8: 45748 | H8: 45838 | I8: Year 2 | J8: Y2Q2 | K8: 31 | L8: 27 | M8: =IF(OR(K8="",L8=""),"",IFERROR(L8/K8,0)) -> 0.87096774 | N8: Meeting minutes; participant list | O8: Yes | P8: In progress | Q8: Final attendance reconciliation pending.
F9: Country_3 | M9: =IF(OR(K9="",L9=""),"",IFERROR(L9/K9,0))
F10: Country_3 | M10: =IF(OR(K10="",L10=""),"",IFERROR(L10/K10,0))
F11: Country_3 | M11: =IF(OR(K11="",L11=""),"",IFERROR(L11/K11,0))
F12: Country_3 | M12: =IF(OR(K12="",L12=""),"",IFERROR(L12/K12,0))
F13: Country_3 | M13: =IF(OR(K13="",L13=""),"",IFERROR(L13/K13,0))
F14: Country_3 | M14: =IF(OR(K14="",L14=""),"",IFERROR(L14/K14,0))
F15: Country_3 | M15: =IF(OR(K15="",L15=""),"",IFERROR(L15/K15,0))
F16: Country_3 | M16: =IF(OR(K16="",L16=""),"",IFERROR(L16/K16,0))
F17: Country_3 | M17: =IF(OR(K17="",L17=""),"",IFERROR(L17/K17,0))
F18: Country_3 | M18: =IF(OR(K18="",L18=""),"",IFERROR(L18/K18,0))
F19: Country_3 | M19: =IF(OR(K19="",L19=""),"",IFERROR(L19/K19,0))
F20: Country_3 | M20: =IF(OR(K20="",L20=""),"",IFERROR(L20/K20,0))
... F102: Country_3 | M102: =IF(OR(K102="",L102=""),"",IFERROR(L102/K102,0))
A105: Second Verification Tracker
A106: Activity ID | B106: Output Indicator ID | C106: Second Verification Type | D106: Verification Description | E106: Verification Date | F106: Verification Status | G106: Verification File Reference / Link
A107: C3A003 | B107: OI-101 | C107: Phone Check | D107: Phone Check completed for C3A003 | E107: 45579 | F107: Complete | G107: Ref/Country_3/C3A003
A108: C3A006 | B108: OI-104 | C108: Site Visit | D108: Site Visit scheduled / under review for C3A006 | E108: 45852 | F108: In Review | G108: Ref/Country_3/C3A006

Sheet Country_4
A1: Country_4 M&E Tracker
A2: Output Indicator ID | B2: Output Indicator Description | C2: Activity ID | D2: Activity Name | E2: Component | F2: Country of Implementation | G2: Start Date | H2: End Date | I2: Program Year | J2: Quarter of Implementation | K2: Planned Number of Participants | L2: Actual Number of Participants | M2: % Achievement | N2: Means of Verification (Primary) | O2: Use Second Verification? (Yes/No) | P2: Status | Q2: Comments / Risks / Issues
A3: OI-104 | B3: Policy dialogues facilitated | C3: C4A001 | D3: Policy dialogue 1 | E3: Advocacy | F3: Country_4 | G3: 45839 | H3: 45930 | I3: Year 2 | J3: Y2Q3 | K3: 63 | L3: 61 | M3: =IF(OR(K3="",L3=""),"",IFERROR(L3/K3,0)) -> 0.96825397 | N3: Meeting minutes; participant list | O3: No | P3: In progress | Q3: Final attendance reconciliation pending.
A4: OI-101 | B4: People trained in targeted skills | C4: C4A002 | D4: Training workshop 2 | E4: Training | F4: Country_4 | G4: 45931 | H4: 46022 | I4: Year 2 | J4: Y2Q4 | K4: 68 | L4: 62 | M4: =IF(OR(K4="",L4=""),"",IFERROR(L4/K4,0)) -> 0.91176471 | N4: Signed attendance sheet; pre/post test forms | O4: Yes | P4: In progress | Q4: Final attendance reconciliation pending.
A5: OI-102 | B5: Community outreach events delivered | C5: C4A003 | D5: Community outreach campaign 3 | E5: Outreach | F5: Country_4 | G5: 46023 | H5: 46112 | I5: Year 3 | J5: Y3Q1 | K5: 73 | L5: 63 | M5: =IF(OR(K5="",L5=""),"",IFERROR(L5/K5,0)) -> 0.8630137 | N5: Activity report; photo log | O5: No | P5: In progress | Q5: Final attendance reconciliation pending.
A6: OI-103 | B6: Supportive supervision visits conducted | C6: C4A004 | D6: Supportive supervision visit 4 | E6: Monitoring | F6: Country_4 | G6: 46113 | H6: 46203 | I6: Year 3 | J6: Y3Q2 | K6: 78 | L6: 85 | M6: =IF(OR(K6="",L6=""),"",IFERROR(L6/K6,0)) -> 1.0897436 | N6: Supervision checklist; visit report | O6: No | P6: Completed | Q6: Completed as scheduled.
A7: OI-104 | B7: Policy dialogues facilitated | C7: C4A005 | D7: Policy dialogue 5 | E7: Advocacy | F7: Country_4 | G7: 46204 | H7: 46295 | I7: Year 3 | J7: Y3Q3 | K7: 33 | L7: 0 | M7: =IF(OR(K7="",L7=""),"",IFERROR(L7/K7,0)) -> 0 | N7: Meeting minutes; participant list | O7: Yes | P7: Not started | Q7: Planned for a future quarter.
A8: OI-101 | B8: People trained in targeted skills | C8: C4A006 | D8: Training workshop 6 | E8: Training | F8: Country_4 | G8: 46296 | H8: 46387 | I8: Year 3 | J8: Y3Q4 | K8: 38 | L8: 0 | M8: =IF(OR(K8="",L8=""),"",IFERROR(L8/K8,0)) -> 0 | N8: Signed attendance sheet; pre/post test forms | O8: No | P8: Not started | Q8: Planned for a future quarter.
F9: Country_4 | M9: =IF(OR(K9="",L9=""),"",IFERROR(L9/K9,0))
F10: Country_4 | M10: =IF(OR(K10="",L10=""),"",IFERROR(L10/K10,0))
F11: Country_4 | M11: =IF(OR(K11="",L11=""),"",IFERROR(L11/K11,0))
F12: Country_4 | M12: =IF(OR(K12="",L12=""),"",IFERROR(L12/K12,0))
F13: Country_4 | M13: =IF(OR(K13="",L13=""),"",IFERROR(L13/K13,0))
F14: Country_4 | M14: =IF(OR(K14="",L14=""),"",IFERROR(L14/K14,0))
F15: Country_4 | M15: =IF(OR(K15="",L15=""),"",IFERROR(L15/K15,0))
F16: Country_4 | M16: =IF(OR(K16="",L16=""),"",IFERROR(L16/K16,0))
F17: Country_4 | M17: =IF(OR(K17="",L17=""),"",IFERROR(L17/K17,0))
F18: Country_4 | M18: =IF(OR(K18="",L18=""),"",IFERROR(L18/K18,0))
F19: Country_4 | M19: =IF(OR(K19="",L19=""),"",IFERROR(L19/K19,0))
F20: Country_4 | M20: =IF(OR(K20="",L20=""),"",IFERROR(L20/K20,0))
... F102: Country_4 | M102: =IF(OR(K102="",L102=""),"",IFERROR(L102/K102,0))
A105: Second Verification Tracker
A106: Activity ID | B106: Output Indicator ID | C106: Second Verification Type | D106: Verification Description | E106: Verification Date | F106: Verification Status | G106: Verification File Reference / Link
A107: C4A002 | B107: OI-101 | C107: Phone Check | D107: Phone Check scheduled / under review for C4A002 | E107: 46036 | F107: In Review | G107: Ref/Country_4/C4A002
A108: C4A005 | B108: OI-104 | C108: Site Visit | D108: Site Visit scheduled / under review for C4A005 | F108: Pending | G108: Ref/Country_4/C4A005

Sheet Country_5
A1: Country_5 M&E Tracker
A2: Output Indicator ID | B2: Output Indicator Description | C2: Activity ID | D2: Activity Name | E2: Component | F2: Country of Implementation | G2: Start Date | H2: End Date | I2: Program Year | J2: Quarter of Implementation | K2: Planned Number of Participants | L2: Actual Number of Participants | M2: % Achievement | N2: Means of Verification (Primary) | O2: Use Second Verification? (Yes/No) | P2: Status | Q2: Comments / Risks / Issues
A3: OI-101 | B3: People trained in targeted skills | C3: C5A001 | D3: Training workshop 1 | E3: Training | F3: Country_5 | G3: 45292 | H3: 45382 | I3: Year 1 | J3: Y1Q1 | K3: 70 | L3: 71 | M3: =IF(OR(K3="",L3=""),"",IFERROR(L3/K3,0)) -> 1.0142857 | N3: Signed attendance sheet; pre/post test forms | O3: Yes | P3: Completed | Q3: Completed as scheduled.
A4: OI-102 | B4: Community outreach events delivered | C4: C5A002 | D4: Community outreach campaign 2 | E4: Outreach | F4: Country_5 | G4: 45383 | H4: 45473 | I4: Year 1 | J4: Y1Q2 | K4: 75 | L4: 72 | M4: =IF(OR(K4="",L4=""),"",IFERROR(L4/K4,0)) -> 0.96 | N4: Activity report; photo log | O4: No | P4: In progress | Q4: Final attendance reconciliation pending.
A5: OI-103 | B5: Supportive supervision visits conducted | C5: C5A003 | D5: Supportive supervision visit 3 | E5: Monitoring | F5: Country_5 | G5: 45474 | H5: 45565 | I5: Year 1 | J5: Y1Q3 | K5: 30 | L5: 23 | M5: =IF(OR(K5="",L5=""),"",IFERROR(L5/K5,0)) -> 0.76666667 | N5: Supervision checklist; visit report | O5: No | P5: In progress | Q5: Final attendance reconciliation pending.
A6: OI-104 | B6: Policy dialogues facilitated | C6: C5A004 | D6: Policy dialogue 4 | E6: Advocacy | F6: Country_5 | G6: 45566 | H6: 45657 | I6: Year 1 | J6: Y1Q4 | K6: 35 | L6: 45 | M6: =IF(OR(K6="",L6=""),"",IFERROR(L6/K6,0)) -> 1.2857143 | N6: Meeting minutes; participant list | O6: Yes | P6: Completed | Q6: Completed as scheduled.
A7: OI-101 | B7: People trained in targeted skills | C7: C5A005 | D7: Training workshop 5 | E7: Training | F7: Country_5 | G7: 45658 | H7: 45747 | I7: Year 2 | J7: Y2Q1 | K7: 40 | L7: 46 | M7: =IF(OR(K7="",L7=""),"",IFERROR(L7/K7,0)) -> 1.15 | N7: Signed attendance sheet; pre/post test forms | O7: No | P7: Completed | Q7: Completed as scheduled.
A8: OI-102 | B8: Community outreach events delivered | C8: C5A006 | D8: Community outreach campaign 6 | E8: Outreach | F8: Country_5 | G8: 45748 | H8: 45838 | I8: Year 2 | J8: Y2Q2 | K8: 45 | L8: 47 | M8: =IF(OR(K8="",L8=""),"",IFERROR(L8/K8,0)) -> 1.0444444 | N8: Activity report; photo log | O8: No | P8: Completed | Q8: Completed as scheduled.
F9: Country_5 | M9: =IF(OR(K9="",L9=""),"",IFERROR(L9/K9,0))
F10: Country_5 | M10: =IF(OR(K10="",L10=""),"",IFERROR(L10/K10,0))
F11: Country_5 | M11: =IF(OR(K11="",L11=""),"",IFERROR(L11/K11,0))
F12: Country_5 | M12: =IF(OR(K12="",L12=""),"",IFERROR(L12/K12,0))
F13: Country_5 | M13: =IF(OR(K13="",L13=""),"",IFERROR(L13/K13,0))
F14: Country_5 | M14: =IF(OR(K14="",L14=""),"",IFERROR(L14/K14,0))
F15: Country_5 | M15: =IF(OR(K15="",L15=""),"",IFERROR(L15/K15,0))
F16: Country_5 | M16: =IF(OR(K16="",L16=""),"",IFERROR(L16/K16,0))
F17: Country_5 | M17: =IF(OR(K17="",L17=""),"",IFERROR(L17/K17,0))
F18: Country_5 | M18: =IF(OR(K18="",L18=""),"",IFERROR(L18/K18,0))
F19: Country_5 | M19: =IF(OR(K19="",L19=""),"",IFERROR(L19/K19,0))
F20: Country_5 | M20: =IF(OR(K20="",L20=""),"",IFERROR(L20/K20,0))
... F102: Country_5 | M102: =IF(OR(K102="",L102=""),"",IFERROR(L102/K102,0))
A105: Second Verification Tracker
A106: Activity ID | B106: Output Indicator ID | C106: Second Verification Type | D106: Verification Description | E106: Verification Date | F106: Verification Status | G106: Verification File Reference / Link
A107: C5A001 | B107: OI-101 | C107: Phone Check | D107: Phone Check completed for C5A001 | E107: 45396 | F107: Complete | G107: Ref/Country_5/C5A001
A108: C5A004 | B108: OI-104 | C108: Site Visit | D108: Site Visit completed for C5A004 | E108: 45671 | F108: Complete | G108: Ref/Country_5/C5A004

Sheet Country_6
A1: Country_6 M&E Tracker
A2: Output Indicator ID | B2: Output Indicator Description | C2: Activity ID | D2: Activity Name | E2: Component | F2: Country of Implementation | G2: Start Date | H2: End Date | I2: Program Year | J2: Quarter of Implementation | K2: Planned Number of Participants | L2: Actual Number of Participants | M2: % Achievement | N2: Means of Verification (Primary) | O2: Use Second Verification? (Yes/No) | P2: Status | Q2: Comments / Risks / Issues
A3: OI-102 | B3: Community outreach events delivered | C3: C6A001 | D3: Community outreach campaign 1 | E3: Outreach | F3: Country_6 | G3: 45839 | H3: 45930 | I3: Year 2 | J3: Y2Q3 | K3: 77 | L3: 81 | M3: =IF(OR(K3="",L3=""),"",IFERROR(L3/K3,0)) -> 1.0519481 | N3: Activity report; photo log | O3: No | P3: Completed | Q3: Completed as scheduled.
A4: OI-103 | B4: Supportive supervision visits conducted | C4: C6A002 | D4: Supportive supervision visit 2 | E4: Monitoring | F4: Country_6 | G4: 45931 | H4: 46022 | I4: Year 2 | J4: Y2Q4 | K4: 32 | L4: 32 | M4: =IF(OR(K4="",L4=""),"",IFERROR(L4/K4,0)) -> 1 | N4: Supervision checklist; visit report | O4: No | P4: Completed | Q4: Completed as scheduled.
A5: OI-104 | B5: Policy dialogues facilitated | C5: C6A003 | D5: Policy dialogue 3 | E5: Advocacy | F5: Country_6 | G5: 46023 | H5: 46112 | I5: Year 3 | J5: Y3Q1 | K5: 37 | L5: 33 | M5: =IF(OR(K5="",L5=""),"",IFERROR(L5/K5,0)) -> 0.89189189 | N5: Meeting minutes; participant list | O5: Yes | P5: In progress | Q5: Final attendance reconciliation pending.
A6: OI-101 | B6: People trained in targeted skills | C6: C6A004 | D6: Training workshop 4 | E6: Training | F6: Country_6 | G6: 46113 | H6: 46203 | I6: Year 3 | J6: Y3Q2 | K6: 42 | L6: 34 | M6: =IF(OR(K6="",L6=""),"",IFERROR(L6/K6,0)) -> 0.80952381 | N6: Signed attendance sheet; pre/post test forms | O6: No | P6: In progress | Q6: Final attendance reconciliation pending.
A7: OI-102 | B7: Community outreach events delivered | C7: C6A005 | D7: Community outreach campaign 5 | E7: Outreach | F7: Country_6 | G7: 46204 | H7: 46295 | I7: Year 3 | J7: Y3Q3 | K7: 47 | L7: 0 | M7: =IF(OR(K7="",L7=""),"",IFERROR(L7/K7,0)) -> 0 | N7: Activity report; photo log | O7: No | P7: Not started | Q7: Planned for a future quarter.
A8: OI-103 | B8: Supportive supervision visits conducted | C8: C6A006 | D8: Supportive supervision visit 6 | E8: Monitoring | F8: Country_6 | G8: 46296 | H8: 46387 | I8: Year 3 | J8: Y3Q4 | K8: 52 | L8: 0 | M8: =IF(OR(K8="",L8=""),"",IFERROR(L8/K8,0)) -> 0 | N8: Supervision checklist; visit report | O8: Yes | P8: Not started | Q8: Planned for a future quarter.
F9: Country_6 | M9: =IF(OR(K9="",L9=""),"",IFERROR(L9/K9,0))
F10: Country_6 | M10: =IF(OR(K10="",L10=""),"",IFERROR(L10/K10,0))
F11: Country_6 | M11: =IF(OR(K11="",L11=""),"",IFERROR(L11/K11,0))
F12: Country_6 | M12: =IF(OR(K12="",L12=""),"",IFERROR(L12/K12,0))
F13: Country_6 | M13: =IF(OR(K13="",L13=""),"",IFERROR(L13/K13,0))
F14: Country_6 | M14: =IF(OR(K14="",L14=""),"",IFERROR(L14/K14,0))
F15: Country_6 | M15: =IF(OR(K15="",L15=""),"",IFERROR(L15/K15,0))
F16: Country_6 | M16: =IF(OR(K16="",L16=""),"",IFERROR(L16/K16,0))
F17: Country_6 | M17: =IF(OR(K17="",L17=""),"",IFERROR(L17/K17,0))
F18: Country_6 | M18: =IF(OR(K18="",L18=""),"",IFERROR(L18/K18,0))
F19: Country_6 | M19: =IF(OR(K19="",L19=""),"",IFERROR(L19/K19,0))
F20: Country_6 | M20: =IF(OR(K20="",L20=""),"",IFERROR(L20/K20,0))
... F102: Country_6 | M102: =IF(OR(K102="",L102=""),"",IFERROR(L102/K102,0))
A105: Second Verification Tracker
A106: Activity ID | B106: Output Indicator ID | C106: Second Verification Type | D106: Verification Description | E106: Verification Date | F106: Verification Status | G106: Verification File Reference / Link
A107: C6A003 | B107: OI-104 | C107: Site Visit | D107: Site Visit scheduled / under review for C6A003 | E107: 46126 | F107: In Review | G107: Ref/Country_6/C6A003
A108: C6A006 | B108: OI-103 | C108: Document Review | D108: Document Review scheduled / under review for C6A006 | F108: Pending | G108: Ref/Country_6/C6A006

Sheet Country_7
A1: Country_7 M&E Tracker
A2: Output Indicator ID | B2: Output Indicator Description | C2: Activity ID | D2: Activity Name | E2: Component | F2: Country of Implementation | G2: Start Date | H2: End Date | I2: Program Year | J2: Quarter of Implementation | K2: Planned Number of Participants | L2: Actual Number of Participants | M2: % Achievement | N2: Means of Verification (Primary) | O2: Use Second Verification? (Yes/No) | P2: Status | Q2: Comments / Risks / Issues
A3: OI-103 | B3: Supportive supervision visits conducted | C3: C7A001 | D3: Supportive supervision visit 1 | E3: Monitoring | F3: Country_7 | G3: 45292 | H3: 45382 | I3: Year 1 | J3: Y1Q1 | K3: 34 | L3: 41 | M3: =IF(OR(K3="",L3=""),"",IFERROR(L3/K3,0)) -> 1.2058824 | N3: Supervision checklist; visit report | O3: No | P3: Completed | Q3: Completed as scheduled.
A4: OI-104 | B4: Policy dialogues facilitated | C4: C7A002 | D4: Policy dialogue 2 | E4: Advocacy | F4: Country_7 | G4: 45383 | H4: 45473 | I4: Year 1 | J4: Y1Q2 | K4: 39 | L4: 42 | M4: =IF(OR(K4="",L4=""),"",IFERROR(L4/K4,0)) -> 1.0769231 | N4: Meeting minutes; participant list | O4: Yes | P4: Completed | Q4: Completed as scheduled.
A5: OI-101 | B5: People trained in targeted skills | C5: C7A003 | D5: Training workshop 3 | E5: Training | F5: Country_7 | G5: 45474 | H5: 45565 | I5: Year 1 | J5: Y1Q3 | K5: 44 | L5: 43 | M5: =IF(OR(K5="",L5=""),"",IFERROR(L5/K5,0)) -> 0.97727273 | N5: Signed attendance sheet; pre/post test forms | O5: No | P5: In progress | Q5: Final attendance reconciliation pending.
A6: OI-102 | B6: Community outreach events delivered | C6: C7A004 | D6: Community outreach campaign 4 | E6: Outreach | F6: Country_7 | G6: 45566 | H6: 45657 | I6: Year 1 | J6: Y1Q4 | K6: 49 | L6: 44 | M6: =IF(OR(K6="",L6=""),"",IFERROR(L6/K6,0)) -> 0.89795918 | N6: Activity report; photo log | O6: No | P6: In progress | Q6: Final attendance reconciliation pending.
A7: OI-103 | B7: Supportive supervision visits conducted | C7: C7A005 | D7: Supportive supervision visit 5 | E7: Monitoring | F7: Country_7 | G7: 45658 | H7: 45747 | I7: Year 2 | J7: Y2Q1 | K7: 54 | L7: 45 | M7: =IF(OR(K7="",L7=""),"",IFERROR(L7/K7,0)) -> 0.83333333 | N7: Supervision checklist; visit report | O7: Yes | P7: In progress | Q7: Final attendance reconciliation pending.
A8: OI-104 | B8: Policy dialogues facilitated | C8: C7A006 | D8: Policy dialogue 6 | E8: Advocacy | F8: Country_7 | G8: 45748 | H8: 45838 | I8: Year 2 | J8: Y2Q2 | K8: 59 | L8: 67 | M8: =IF(OR(K8="",L8=""),"",IFERROR(L8/K8,0)) -> 1.1355932 | N8: Meeting minutes; participant list | O8: No | P8: Completed | Q8: Completed as scheduled.
F9: Country_7 | M9: =IF(OR(K9="",L9=""),"",IFERROR(L9/K9,0))
F10: Country_7 | M10: =IF(OR(K10="",L10=""),"",IFERROR(L10/K10,0))
F11: Country_7 | M11: =IF(OR(K11="",L11=""),"",IFERROR(L11/K11,0))
F12: Country_7 | M12: =IF(OR(K12="",L12=""),"",IFERROR(L12/K12,0))
F13: Country_7 | M13: =IF(OR(K13="",L13=""),"",IFERROR(L13/K13,0))
F14: Country_7 | M14: =IF(OR(K14="",L14=""),"",IFERROR(L14/K14,0))
F15: Country_7 | M15: =IF(OR(K15="",L15=""),"",IFERROR(L15/K15,0))
F16: Country_7 | M16: =IF(OR(K16="",L16=""),"",IFERROR(L16/K16,0))
F17: Country_7 | M17: =IF(OR(K17="",L17=""),"",IFERROR(L17/K17,0))
F18: Country_7 | M18: =IF(OR(K18="",L18=""),"",IFERROR(L18/K18,0))
F19: Country_7 | M19: =IF(OR(K19="",L19=""),"",IFERROR(L19/K19,0))
F20: Country_7 | M20: =IF(OR(K20="",L20=""),"",IFERROR(L20/K20,0))
... F102: Country_7 | M102: =IF(OR(K102="",L102=""),"",IFERROR(L102/K102,0))
A105: Second Verification Tracker
A106: Activity ID | B106: Output Indicator ID | C106: Second Verification Type | D106: Verification Description | E106: Verification Date | F106: Verification Status | G106: Verification File Reference / Link
A107: C7A002 | B107: OI-104 | C107: Site Visit | D107: Site Visit completed for C7A002 | E107: 45487 | F107: Complete | G107: Ref/Country_7/C7A002
A108: C7A005 | B108: OI-103 | C108: Document Review | D108: Document Review scheduled / under review for C7A005 | E108: 45761 | F108: In Review | G108: Ref/Country_7/C7A005

Sheet Country_8
A1: Country_8 M&E Tracker
A2: Output Indicator ID | B2: Output Indicator Description | C2: Activity ID | D2: Activity Name | E2: Component | F2: Country of Implementation | G2: Start Date | H2: End Date | I2: Program Year | J2: Quarter of Implementation | K2: Planned Number of Participants | L2: Actual Number of Participants | M2: % Achievement | N2: Means of Verification (Primary) | O2: Use Second Verification? (Yes/No) | P2: Status | Q2: Comments / Risks / Issues
A3: OI-104 | B3: Policy dialogues facilitated | C3: C8A001 | D3: Policy dialogue 1 | E3: Advocacy | F3: Country_8 | G3: 45839 | H3: 45930 | I3: Year 2 | J3: Y2Q3 | K3: 41 | L3: 51 | M3: =IF(OR(K3="",L3=""),"",IFERROR(L3/K3,0)) -> 1.2439024 | N3: Meeting minutes; participant list | O3: Yes | P3: Completed | Q3: Completed as scheduled.
A4: OI-101 | B4: People trained in targeted skills | C4: C8A002 | D4: Training workshop 2 | E4: Training | F4: Country_8 | G4: 45931 | H4: 46022 | I4: Year 2 | J4: Y2Q4 | K4: 46 | L4: 52 | M4: =IF(OR(K4="",L4=""),"",IFERROR(L4/K4,0)) -> 1.1304348 | N4: Signed attendance sheet; pre/post test forms | O4: No | P4: Completed | Q4: Completed as scheduled.
A5: OI-102 | B5: Community outreach events delivered | C5: C8A003 | D5: Community outreach campaign 3 | E5: Outreach | F5: Country_8 | G5: 46023 | H5: 46112 | I5: Year 3 | J5: Y3Q1 | K5: 51 | L5: 53 | M5: =IF(OR(K5="",L5=""),"",IFERROR(L5/K5,0)) -> 1.0392157 | N5: Activity report; photo log | O5: No | P5: Completed | Q5: Completed as scheduled.
A6: OI-103 | B6: Supportive supervision visits conducted | C6: C8A004 | D6: Supportive supervision visit 4 | E6: Monitoring | F6: Country_8 | G6: 46113 | H6: 46203 | I6: Year 3 | J6: Y3Q2 | K6: 56 | L6: 54 | M6: =IF(OR(K6="",L6=""),"",IFERROR(L6/K6,0)) -> 0.96428571 | N6: Supervision checklist; visit report | O6: Yes | P6: In progress | Q6: Final attendance reconciliation pending.
A7: OI-104 | B7: Policy dialogues facilitated | C7: C8A005 | D7: Policy dialogue 5 | E7: Advocacy | F7: Country_8 | G7: 46204 | H7: 46295 | I7: Year 3 | J7: Y3Q3 | K7: 61 | L7: 0 | M7: =IF(OR(K7="",L7=""),"",IFERROR(L7/K7,0)) -> 0 | N7: Meeting minutes; participant list | O7: No | P7: Not started | Q7: Planned for a future quarter.
A8: OI-101 | B8: People trained in targeted skills | C8: C8A006 | D8: Training workshop 6 | E8: Training | F8: Country_8 | G8: 46296 | H8: 46387 | I8: Year 3 | J8: Y3Q4 | K8: 66 | L8: 0 | M8: =IF(OR(K8="",L8=""),"",IFERROR(L8/K8,0)) -> 0 | N8: Signed attendance sheet; pre/post test forms | O8: No | P8: Not started | Q8: Planned for a future quarter.
F9: Country_8 | M9: =IF(OR(K9="",L9=""),"",IFERROR(L9/K9,0))
F10: Country_8 | M10: =IF(OR(K10="",L10=""),"",IFERROR(L10/K10,0))
F11: Country_8 | M11: =IF(OR(K11="",L11=""),"",IFERROR(L11/K11,0))
F12: Country_8 | M12: =IF(OR(K12="",L12=""),"",IFERROR(L12/K12,0))
F13: Country_8 | M13: =IF(OR(K13="",L13=""),"",IFERROR(L13/K13,0))
F14: Country_8 | M14: =IF(OR(K14="",L14=""),"",IFERROR(L14/K14,0))
F15: Country_8 | M15: =IF(OR(K15="",L15=""),"",IFERROR(L15/K15,0))
F16: Country_8 | M16: =IF(OR(K16="",L16=""),"",IFERROR(L16/K16,0))
F17: Country_8 | M17: =IF(OR(K17="",L17=""),"",IFERROR(L17/K17,0))
F18: Country_8 | M18: =IF(OR(K18="",L18=""),"",IFERROR(L18/K18,0))
F19: Country_8 | M19: =IF(OR(K19="",L19=""),"",IFERROR(L19/K19,0))
F20: Country_8 | M20: =IF(OR(K20="",L20=""),"",IFERROR(L20/K20,0))
... F102: Country_8 | M102: =IF(OR(K102="",L102=""),"",IFERROR(L102/K102,0))
A105: Second Verification Tracker
A106: Activity ID | B106: Output Indicator ID | C106: Second Verification Type | D106: Verification Description | E106: Verification Date | F106: Verification Status | G106: Verification File Reference / Link
A107: C8A001 | B107: OI-104 | C107: Site Visit | D107: Site Visit completed for C8A001 | E107: 45944 | F107: Complete | G107: Ref/Country_8/C8A001
A108: C8A004 | B108: OI-103 | C108: Document Review | D108: Document Review scheduled / under review for C8A004 | E108: 46217 | F108: In Review | G108: Ref/Country_8/C8A004

Sheet Dashboard
A1: Monitoring & Evaluation Dashboard
A3: Filters | E3: Total Planned Participants | H3: Total Actual Participants | K3: % Achievement | N3: Activities
A4: Country | B4: All | C4: =IF(B4="All","*",B4) -> * | E4: =SUMIFS(Consolidated_Data!$K$2:$K$801,Consolidated_Data!$C$2:$C$801,"<>",Consolidated_Data!$F$2:$F$801,$C$4,Consolidated_Data!$E$2:$E$801,$C$5,Consolidated_Data!$A$2:$A$801,$C$6,Consolidated_Data!$I$2:$I$801,$C$7,Consolidated_Data!$J$2:$J$801,$C$8) -> 2592 | H4: =SUMIFS(Consolidated_Data!$L$2:$L$801,Consolidated_Data!$C$2:$C$801,"<>",Consolidated_Data!$F$2:$F$801,$C$4,Consolidated_Data!$E$2:$E$801,$C$5,Consolidated_Data!$A$2:$A$801,$C$6,Consolidated_Data!$I$2:$I$801,$C$7,Consolidated_Data!$J$2:$J$801,$C$8) -> 2162 | K4: =IFERROR(H4/E4,0) -> 0.83410494 | N4: =SUM(E13:E16) -> 48
A5: Component | B5: All | C5: =IF(B5="All","*",B5) -> *
A6: Output Indicator ID | B6: All | C6: =IF(B6="All","*",B6) -> *
A7: Program Year | B7: All | C7: =IF(B7="All","*",B7) -> * | E7: Completed | H7: Delayed | K7: 2nd Verification Needed | N7: Tip: edit country sheets and refresh formulas by opening in Excel.
A8: Quarter | B8: All | C8: =IF(B8="All","*",B8) -> * | E8: =COUNTIFS(Consolidated_Data!$C$2:$C$801,"<>",Consolidated_Data!$P$2:$P$801,"Completed",Consolidated_Data!$F$2:$F$801,$C$4,Consolidated_Data!$E$2:$E$801,$C$5,Consolidated_Data!$A$2:$A$801,$C$6,Consolidated_Data!$I$2:$I$801,$C$7,Consolidated_Data!$J$2:$J$801,$C$8) -> 22 | H8: =COUNTIFS(Consolidated_Data!$C$2:$C$801,"<>",Consolidated_Data!$P$2:$P$801,"Delayed",Consolidated_Data!$F$2:$F$801,$C$4,Consolidated_Data!$E$2:$E$801,$C$5,Consolidated_Data!$A$2:$A$801,$C$6,Consolidated_Data!$I$2:$I$801,$C$7,Consolidated_Data!$J$2:$J$801,$C$8) -> 0 | K8: =COUNTIFS(Consolidated_Data!$C$2:$C$801,"<>",Consolidated_Data!$O$2:$O$801,"Yes",Consolidated_Data!$F$2:$F$801,$C$4,Consolidated_Data!$E$2:$E$801,$C$5,Consolidated_Data!$A$2:$A$801,$C$6,Consolidated_Data!$I$2:$I$801,$C$7,Consolidated_Data!$J$2:$J$801,$C$8) -> 16
A11: By Component | G11: Status Breakdown | J11: By Output Indicator
A12: Component | B12: Planned | C12: Actual | D12: % Ach. | E12: Activities | G12: Status | H12: Count | J12: Indicator | K12: Planned | L12: Actual | M12: % Ach. | N12: Activities
A13: Training | B13: =SUMIFS(Consolidated_Data!$K$2:$K$801,Consolidated_Data!$C$2:$C$801,"<>",Consolidated_Data!$E$2:$E$801,$A13,Consolidated_Data!$F$2:$F$801,$C$4,Consolidated_Data!$E$2:$E$801,$C$5,Consolidated_Data!$A$2:$A$801,$C$6,Consolidated_Data!$I$2:$I$801,$C$7,Consolidated_Data!$J$2:$J$801,$C$8) -> 648 | C13: =SUMIFS(Consolidated_Data!$L$2:$L$801,Consolidated_Data!$C$2:$C$801,"<>",Consolidated_Data!$E$2:$E$801,$A13,Consolidated_Data!$F$2:$F$801,$C$4,Consolidated_Data!$E$2:$E$801,$C$5,Consolidated_Data!$A$2:$A$801,$C$6,Consolidated_Data!$I$2:$I$801,$C$7,Consolidated_Data!$J$2:$J$801,$C$8) -> 555 | D13: =IFERROR(C13/B13,0) -> 0.85648148 | E13: =COUNTIFS(Consolidated_Data!$C$2:$C$801,"<>",Consolidated_Data!$E$2:$E$801,$A13,Consolidated_Data!$F$2:$F$801,$C$4,Consolidated_Data!$E$2:$E$801,$C$5,Consolidated_Data!$A$2:$A$801,$C$6,Consolidated_Data!$I$2:$I$801,$C$7,Consolidated_Data!$J$2:$J$801,$C$8) -> 12 | G13: Not started | H13: =COUNTIFS(Consolidated_Data!$C$2:$C$801,"<>",Consolidated_Data!$P$2:$P$801,$G13,Consolidated_Data!$F$2:$F$801,$C$4,Consolidated_Data!$E$2:$E$801,$C$5,Consolidated_Data!$A$2:$A$801,$C$6,Consolidated_Data!$I$2:$I$801,$C$7,Consolidated_Data!$J$2:$J$801,$C$8) -> 8 | J13: OI-101 | K13: =SUMIFS(Consolidated_Data!$K$2:$K$801,Consolidated_Data!$C$2:$C$801,"<>",Consolidated_Data!$A$2:$A$801,$J13,Consolidated_Data!$F$2:$F$801,$C$4,Consolidated_Data!$E$2:$E$801,$C$5,Consolidated_Data!$A$2:$A$801,$C$6,Consolidated_Data!$I$2:$I$801,$C$7,Consolidated_Data!$J$2:$J$801,$C$8) -> 648 | L13: =SUMIFS(Consolidated_Data!$L$2:$L$801,Consolidated_Data!$C$2:$C$801,"<>",Consolidated_Data!$A$2:$A$801,$J13,Consolidated_Data!$F$2:$F$801,$C$4,Consolidated_Data!$E$2:$E$801,$C$5,Consolidated_Data!$A$2:$A$801,$C$6,Consolidated_Data!$I$2:$I$801,$C$7,Consolidated_Data!$J$2:$J$801,$C$8) -> 555 | M13: =IFERROR(L13/K13,0) -> 0.85648148 | N13: =COUNTIFS(Consolidated_Data!$C$2:$C$801,"<>",Consolidated_Data!$A$2:$A$801,$J13,Consolidated_Data!$F$2:$F$801,$C$4,Consolidated_Data!$E$2:$E$801,$C$5,Consolidated_Data!$A$2:$A$801,$C$6,Consolidated_Data!$I$2:$I$801,$C$7,Consolidated_Data!$J$2:$J$801,$C$8) -> 12
A14: Outreach | B14: =SUMIFS(Consolidated_Data!$K$2:$K$801,Consolidated_Data!$C$2:$C$801,"<>",Consolidated_Data!$E$2:$E$801,$A14,Consolidated_Data!$F$2:$F$801,$C$4,Consolidated_Data!$E$2:$E$801,$C$5,Consolidated_Data!$A$2:$A$801,$C$6,Consolidated_Data!$I$2:$I$801,$C$7,Consolidated_Data!$J$2:$J$801,$C$8) -> 720 | C14: =SUMIFS(Consolidated_Data!$L$2:$L$801,Consolidated_Data!$C$2:$C$801,"<>",Consolidated_Data!$E$2:$E$801,$A14,Consolidated_Data!$F$2:$F$801,$C$4,Consolidated_Data!$E$2:$E$801,$C$5,Consolidated_Data!$A$2:$A$801,$C$6,Consolidated_Data!$I$2:$I$801,$C$7,Consolidated_Data!$J$2:$J$801,$C$8) -> 586 | D14: =IFERROR(C14/B14,0) -> 0.81388889 | E14: =COUNTIFS(Consolidated_Data!$C$2:$C$801,"<>",Consolidated_Data!$E$2:$E$801,$A14,Consolidated_Data!$F$2:$F$801,$C$4,Consolidated_Data!$E$2:$E$801,$C$5,Consolidated_Data!$A$2:$A$801,$C$6,Consolidated_Data!$I$2:$I$801,$C$7,Consolidated_Data!$J$2:$J$801,$C$8) -> 12 | G14: In progress | H14: =COUNTIFS(Consolidated_Data!$C$2:$C$801,"<>",Consolidated_Data!$P$2:$P$801,$G14,Consolidated_Data!$F$2:$F$801,$C$4,Consolidated_Data!$E$2:$E$801,$C$5,Consolidated_Data!$A$2:$A$801,$C$6,Consolidated_Data!$I$2:$I$801,$C$7,Consolidated_Data!$J$2:$J$801,$C$8) -> 18 | J14: OI-102 | K14: =SUMIFS(Consolidated_Data!$K$2:$K$801,Consolidated_Data!$C$2:$C$801,"<>",Consolidated_Data!$A$2:$A$801,$J14,Consolidated_Data!$F$2:$F$801,$C$4,Consolidated_Data!$E$2:$E$801,$C$5,Consolidated_Data!$A$2:$A$801,$C$6,Consolidated_Data!$I$2:$I$801,$C$7,Consolidated_Data!$J$2:$J$801,$C$8) -> 720 | L14: =SUMIFS(Consolidated_Data!$L$2:$L$801,Consolidated_Data!$C$2:$C$801,"<>",Consolidated_Data!$A$2:$A$801,$J14,Consolidated_Data!$F$2:$F$801,$C$4,Consolidated_Data!$E$2:$E$801,$C$5,Consolidated_Data!$A$2:$A$801,$C$6,Consolidated_Data!$I$2:$I$801,$C$7,Consolidated_Data!$J$2:$J$801,$C$8) -> 586 | M14: =IFERROR(L14/K14,0) -> 0.81388889 | N14: =COUNTIFS(Consolidated_Data!$C$2:$C$801,"<>",Consolidated_Data!$A$2:$A$801,$J14,Consolidated_Data!$F$2:$F$801,$C$4,Consolidated_Data!$E$2:$E$801,$C$5,Consolidated_Data!$A$2:$A$801,$C$6,Consolidated_Data!$I$2:$I$801,$C$7,Consolidated_Data!$J$2:$J$801,$C$8) -> 12
A15: Monitoring | B15: =SUMIFS(Consolidated_Data!$K$2:$K$801,Consolidated_Data!$C$2:$C$801,"<>",Consolidated_Data!$E$2:$E$801,$A15,Consolidated_Data!$F$2:$F$801,$C$4,Consolidated_Data!$E$2:$E$801,$C$5,Consolidated_Data!$A$2:$A$801,$C$6,Consolidated_Data!$I$2:$I$801,$C$7,Consolidated_Data!$J$2:$J$801,$C$8) -> 648 | C15: =SUMIFS(Consolidated_Data!$L$2:$L$801,Consolidated_Data!$C$2:$C$801,"<>",Consolidated_Data!$E$2:$E$801,$A15,Consolidated_Data!$F$2:$F$801,$C$4,Consolidated_Data!$E$2:$E$801,$C$5,Consolidated_Data!$A$2:$A$801,$C$6,Consolidated_Data!$I$2:$I$801,$C$7,Consolidated_Data!$J$2:$J$801,$C$8) -> 524 | D15: =IFERROR(C15/B15,0) -> 0.80864198 | E15: =COUNTIFS(Consolidated_Data!$C$2:$C$801,"<>",Consolidated_Data!$E$2:$E$801,$A15,Consolidated_Data!$F$2:$F$801,$C$4,Consolidated_Data!$E$2:$E$801,$C$5,Consolidated_Data!$A$2:$A$801,$C$6,Consolidated_Data!$I$2:$I$801,$C$7,Consolidated_Data!$J$2:$J$801,$C$8) -> 12 | G15: Completed | H15: =COUNTIFS(Consolidated_Data!$C$2:$C$801,"<>",Consolidated_Data!$P$2:$P$801,$G15,Consolidated_Data!$F$2:$F$801,$C$4,Consolidated_Data!$E$2:$E$801,$C$5,Consolidated_Data!$A$2:$A$801,$C$6,Consolidated_Data!$I$2:$I$801,$C$7,Consolidated_Data!$J$2:$J$801,$C$8) -> 22 | J15: OI-103 | K15: =SUMIFS(Consolidated_Data!$K$2:$K$801,Consolidated_Data!$C$2:$C$801,"<>",Consolidated_Data!$A$2:$A$801,$J15,Consolidated_Data!$F$2:$F$801,$C$4,Consolidated_Data!$E$2:$E$801,$C$5,Consolidated_Data!$A$2:$A$801,$C$6,Consolidated_Data!$I$2:$I$801,$C$7,Consolidated_Data!$J$2:$J$801,$C$8) -> 648 | L15: =SUMIFS(Consolidated_Data!$L$2:$L$801,Consolidated_Data!$C$2:$C$801,"<>",Consolidated_Data!$A$2:$A$801,$J15,Consolidated_Data!$F$2:$F$801,$C$4,Consolidated_Data!$E$2:$E$801,$C$5,Consolidated_Data!$A$2:$A$801,$C$6,Consolidated_Data!$I$2:$I$801,$C$7,Consolidated_Data!$J$2:$J$801,$C$8) -> 524 | M15: =IFERROR(L15/K15,0) -> 0.80864198 | N15: =COUNTIFS(Consolidated_Data!$C$2:$C$801,"<>",Consolidated_Data!$A$2:$A$801,$J15,Consolidated_Data!$F$2:$F$801,$C$4,Consolidated_Data!$E$2:$E$801,$C$5,Consolidated_Data!$A$2:$A$801,$C$6,Consolidated_Data!$I$2:$I$801,$C$7,Consolidated_Data!$J$2:$J$801,$C$8) -> 12
A16: Advocacy | B16: =SUMIFS(Consolidated_Data!$K$2:$K$801,Consolidated_Data!$C$2:$C$801,"<>",Consolidated_Data!$E$2:$E$801,$A16,Consolidated_Data!$F$2:$F$801,$C$4,Consolidated_Data!$E$2:$E$801,$C$5,Consolidated_Data!$A$2:$A$801,$C$6,Consolidated_Data!$I$2:$I$801,$C$7,Consolidated_Data!$J$2:$J$801,$C$8) -> 576 | C16: =SUMIFS(Consolidated_Data!$L$2:$L$801,Consolidated_Data!$C$2:$C$801,"<>",Consolidated_Data!$E$2:$E$801,$A16,Consolidated_Data!$F$2:$F$801,$C$4,Consolidated_Data!$E$2:$E$801,$C$5,Consolidated_Data!$A$2:$A$801,$C$6,Consolidated_Data!$I$2:$I$801,$C$7,Consolidated_Data!$J$2:$J$801,$C$8) -> 497 | D16: =IFERROR(C16/B16,0) -> 0.86284722 | E16: =COUNTIFS(Consolidated_Data!$C$2:$C$801,"<>",Consolidated_Data!$E$2:$E$801,$A16,Consolidated_Data!$F$2:$F$801,$C$4,Consolidated_Data!$E$2:$E$801,$C$5,Consolidated_Data!$A$2:$A$801,$C$6,Consolidated_Data!$I$2:$I$801,$C$7,Consolidated_Data!$J$2:$J$801,$C$8) -> 12 | G16: Delayed | H16: =COUNTIFS(Consolidated_Data!$C$2:$C$801,"<>",Consolidated_Data!$P$2:$P$801,$G16,Consolidated_Data!$F$2:$F$801,$C$4,Consolidated_Data!$E$2:$E$801,$C$5,Consolidated_Data!$A$2:$A$801,$C$6,Consolidated_Data!$I$2:$I$801,$C$7,Consolidated_Data!$J$2:$J$801,$C$8) -> 0 | J16: OI-104 | K16: =SUMIFS(Consolidated_Data!$K$2:$K$801,Consolidated_Data!$C$2:$C$801,"<>",Consolidated_Data!$A$2:$A$801,$J16,Consolidated_Data!$F$2:$F$801,$C$4,Consolidated_Data!$E$2:$E$801,$C$5,Consolidated_Data!$A$2:$A$801,$C$6,Consolidated_Data!$I$2:$I$801,$C$7,Consolidated_Data!$J$2:$J$801,$C$8) -> 576 | L16: =SUMIFS(Consolidated_Data!$L$2:$L$801,Consolidated_Data!$C$2:$C$801,"<>",Consolidated_Data!$A$2:$A$801,$J16,Consolidated_Data!$F$2:$F$801,$C$4,Consolidated_Data!$E$2:$E$801,$C$5,Consolidated_Data!$A$2:$A$801,$C$6,Consolidated_Data!$I$2:$I$801,$C$7,Consolidated_Data!$J$2:$J$801,$C$8) -> 497 | M16: =IFERROR(L16/K16,0) -> 0.86284722 | N16: =COUNTIFS(Consolidated_Data!$C$2:$C$801,"<>",Consolidated_Data!$A$2:$A$801,$J16,Consolidated_Data!$F$2:$F$801,$C$4,Consolidated_Data!$E$2:$E$801,$C$5,Consolidated_Data!$A$2:$A$801,$C$6,Consolidated_Data!$I$2:$I$801,$C$7,Consolidated_Data!$J$2:$J$801,$C$8) -> 12
G17: Cancelled | H17: =COUNTIFS(Consolidated_Data!$C$2:$C$801,"<>",Consolidated_Data!$P$2:$P$801,$G17,Consolidated_Data!$F$2:$F$801,$C$4,Consolidated_Data!$E$2:$E$801,$C$5,Consolidated_Data!$A$2:$A$801,$C$6,Consolidated_Data!$I$2:$I$801,$C$7,Consolidated_Data!$J$2:$J$801,$C$8) -> 0
A19: By Program Quarter | G19: By Country
A20: Quarter | B20: Planned | C20: Actual | D20: Activities | G20: Country | H20: Planned | I20: Actual | J20: Activities
A21: Y1Q1 | B21: =SUMIFS(Consolidated_Data!$K$2:$K$801,Consolidated_Data!$C$2:$C$801,"<>",Consolidated_Data!$J$2:$J$801,$A21,Consolidated_Data!$F$2:$F$801,$C$4,Consolidated_Data!$E$2:$E$801,$C$5,Consolidated_Data!$A$2:$A$801,$C$6,Consolidated_Data!$I$2:$I$801,$C$7,Consolidated_Data!$J$2:$J$801,$C$8) -> 202 | C21: =SUMIFS(Consolidated_Data!$L$2:$L$801,Consolidated_Data!$C$2:$C$801,"<>",Consolidated_Data!$J$2:$J$801,$A21,Consolidated_Data!$F$2:$F$801,$C$4,Consolidated_Data!$E$2:$E$801,$C$5,Consolidated_Data!$A$2:$A$801,$C$6,Consolidated_Data!$I$2:$I$801,$C$7,Consolidated_Data!$J$2:$J$801,$C$8) -> 215 | D21: =COUNTIFS(Consolidated_Data!$C$2:$C$801,"<>",Consolidated_Data!$J$2:$J$801,$A21,Consolidated_Data!$F$2:$F$801,$C$4,Consolidated_Data!$E$2:$E$801,$C$5,Consolidated_Data!$A$2:$A$801,$C$6,Consolidated_Data!$I$2:$I$801,$C$7,Consolidated_Data!$J$2:$J$801,$C$8) -> 4 | G21: Country_1 | H21: =SUMIFS(Consolidated_Data!$K$2:$K$801,Consolidated_Data!$C$2:$C$801,"<>",Consolidated_Data!$F$2:$F$801,$G21,Consolidated_Data!$F$2:$F$801,$C$4,Consolidated_Data!$E$2:$E$801,$C$5,Consolidated_Data!$A$2:$A$801,$C$6,Consolidated_Data!$I$2:$I$801,$C$7,Consolidated_Data!$J$2:$J$801,$C$8) -> 327 | I21: =SUMIFS(Consolidated_Data!$L$2:$L$801,Consolidated_Data!$C$2:$C$801,"<>",Consolidated_Data!$F$2:$F$801,$G21,Consolidated_Data!$F$2:$F$801,$C$4,Consolidated_Data!$E$2:$E$801,$C$5,Consolidated_Data!$A$2:$A$801,$C$6,Consolidated_Data!$I$2:$I$801,$C$7,Consolidated_Data!$J$2:$J$801,$C$8) -> 327 | J21: =COUNTIFS(Consolidated_Data!$C$2:$C$801,"<>",Consolidated_Data!$F$2:$F$801,$G21,Consolidated_Data!$F$2:$F$801,$C$4,Consolidated_Data!$E$2:$E$801,$C$5,Consolidated_Data!$A$2:$A$801,$C$6,Consolidated_Data!$I$2:$I$801,$C$7,Consolidated_Data!$J$2:$J$801,$C$8) -> 6
A22: Y1Q2 | B22: =SUMIFS(Consolidated_Data!$K$2:$K$801,Consolidated_Data!$C$2:$C$801,"<>",Consolidated_Data!$J$2:$J$801,$A22,Consolidated_Data!$F$2:$F$801,$C$4,Consolidated_Data!$E$2:$E$801,$C$5,Consolidated_Data!$A$2:$A$801,$C$6,Consolidated_Data!$I$2:$I$801,$C$7,Consolidated_Data!$J$2:$J$801,$C$8) -> 222 | C22: =SUMIFS(Consolidated_Data!$L$2:$L$801,Consolidated_Data!$C$2:$C$801,"<>",Consolidated_Data!$J$2:$J$801,$A22,Consolidated_Data!$F$2:$F$801,$C$4,Consolidated_Data!$E$2:$E$801,$C$5,Consolidated_Data!$A$2:$A$801,$C$6,Consolidated_Data!$I$2:$I$801,$C$7,Consolidated_Data!$J$2:$J$801,$C$8) -> 219 | D22: =COUNTIFS(Consolidated_Data!$C$2:$C$801,"<>",Consolidated_Data!$J$2:$J$801,$A22,Consolidated_Data!$F$2:$F$801,$C$4,Consolidated_Data!$E$2:$E$801,$C$5,Consolidated_Data!$A$2:$A$801,$C$6,Consolidated_Data!$I$2:$I$801,$C$7,Consolidated_Data!$J$2:$J$801,$C$8) -> 4 | G22: Country_2 | H22: =SUMIFS(Consolidated_Data!$K$2:$K$801,Consolidated_Data!$C$2:$C$801,"<>",Consolidated_Data!$F$2:$F$801,$G22,Consolidated_Data!$F$2:$F$801,$C$4,Consolidated_Data!$E$2:$E$801,$C$5,Consolidated_Data!$A$2:$A$801,$C$6,Consolidated_Data!$I$2:$I$801,$C$7,Consolidated_Data!$J$2:$J$801,$C$8) -> 369 | I22: =SUMIFS(Consolidated_Data!$L$2:$L$801,Consolidated_Data!$C$2:$C$801,"<>",Consolidated_Data!$F$2:$F$801,$G22,Consolidated_Data!$F$2:$F$801,$C$4,Consolidated_Data!$E$2:$E$801,$C$5,Consolidated_Data!$A$2:$A$801,$C$6,Consolidated_Data!$I$2:$I$801,$C$7,Consolidated_Data!$J$2:$J$801,$C$8) -> 233 | J22: =COUNTIFS(Consolidated_Data!$C$2:$C$801,"<>",Consolidated_Data!$F$2:$F$801,$G22,Consolidated_Data!$F$2:$F$801,$C$4,Consolidated_Data!$E$2:$E$801,$C$5,Consolidated_Data!$A$2:$A$801,$C$6,Consolidated_Data!$I$2:$I$801,$C$7,Consolidated_Data!$J$2:$J$801,$C$8) -> 6
A23: Y1Q3 | B23: =SUMIFS(Consolidated_Data!$K$2:$K$801,Consolidated_Data!$C$2:$C$801,"<>",Consolidated_Data!$J$2:$J$801,$A23,Consolidated_Data!$F$2:$F$801,$C$4,Consolidated_Data!$E$2:$E$801,$C$5,Consolidated_Data!$A$2:$A$801,$C$6,Consolidated_Data!$I$2:$I$801,$C$7,Consolidated_Data!$J$2:$J$801,$C$8) -> 192 | C23: =SUMIFS(Consolidated_Data!$L$2:$L$801,Consolidated_Data!$C$2:$C$801,"<>",Consolidated_Data!$J$2:$J$801,$A23,Consolidated_Data!$F$2:$F$801,$C$4,Consolidated_Data!$E$2:$E$801,$C$5,Consolidated_Data!$A$2:$A$801,$C$6,Consolidated_Data!$I$2:$I$801,$C$7,Consolidated_Data!$J$2:$J$801,$C$8) -> 194 | D23: =COUNTIFS(Consolidated_Data!$C$2:$C$801,"<>",Consolidated_Data!$J$2:$J$801,$A23,Consolidated_Data!$F$2:$F$801,$C$4,Consolidated_Data!$E$2:$E$801,$C$5,Consolidated_Data!$A$2:$A$801,$C$6,Consolidated_Data!$I$2:$I$801,$C$7,Consolidated_Data!$J$2:$J$801,$C$8) -> 4 | G23: Country_3 | H23: =SUMIFS(Consolidated_Data!$K$2:$K$801,Consolidated_Data!$C$2:$C$801,"<>",Consolidated_Data!$F$2:$F$801,$G23,Consolidated_Data!$F$2:$F$801,$C$4,Consolidated_Data!$E$2:$E$801,$C$5,Consolidated_Data!$A$2:$A$801,$C$6,Consolidated_Data!$I$2:$I$801,$C$7,Consolidated_Data!$J$2:$J$801,$C$8) -> 361 | I23: =SUMIFS(Consolidated_Data!$L$2:$L$801,Consolidated_Data!$C$2:$C$801,"<>",Consolidated_Data!$F$2:$F$801,$G23,Consolidated_Data!$F$2:$F$801,$C$4,Consolidated_Data!$E$2:$E$801,$C$5,Consolidated_Data!$A$2:$A$801,$C$6,Consolidated_Data!$I$2:$I$801,$C$7,Consolidated_Data!$J$2:$J$801,$C$8) -> 355 | J23: =COUNTIFS(Consolidated_Data!$C$2:$C$801,"<>",Consolidated_Data!$F$2:$F$801,$G23,Consolidated_Data!$F$2:$F$801,$C$4,Consolidated_Data!$E$2:$E$801,$C$5,Consolidated_Data!$A$2:$A$801,$C$6,Consolidated_Data!$I$2:$I$801,$C$7,Consolidated_Data!$J$2:$J$801,$C$8) -> 6
A24: Y1Q4 | B24: =SUMIFS(Consolidated_Data!$K$2:$K$801,Consolidated_Data!$C$2:$C$801,"<>",Consolidated_Data!$J$2:$J$801,$A24,Consolidated_Data!$F$2:$F$801,$C$4,Consolidated_Data!$E$2:$E$801,$C$5,Consolidated_Data!$A$2:$A$801,$C$6,Consolidated_Data!$I$2:$I$801,$C$7,Consolidated_Data!$J$2:$J$801,$C$8) -> 212 | C24: =SUMIFS(Consolidated_Data!$L$2:$L$801,Consolidated_Data!$C$2:$C$801,"<>",Consolidated_Data!$J$2:$J$801,$A24,Consolidated_Data!$F$2:$F$801,$C$4,Consolidated_Data!$E$2:$E$801,$C$5,Consolidated_Data!$A$2:$A$801,$C$6,Consolidated_Data!$I$2:$I$801,$C$7,Consolidated_Data!$J$2:$J$801,$C$8) -> 219 | D24: =COUNTIFS(Consolidated_Data!$C$2:$C$801,"<>",Consolidated_Data!$J$2:$J$801,$A24,Consolidated_Data!$F$2:$F$801,$C$4,Consolidated_Data!$E$2:$E$801,$C$5,Consolidated_Data!$A$2:$A$801,$C$6,Consolidated_Data!$I$2:$I$801,$C$7,Consolidated_Data!$J$2:$J$801,$C$8) -> 4 | G24: Country_4 | H24: =SUMIFS(Consolidated_Data!$K$2:$K$801,Consolidated_Data!$C$2:$C$801,"<>",Consolidated_Data!$F$2:$F$801,$G24,Consolidated_Data!$F$2:$F$801,$C$4,Consolidated_Data!$E$2:$E$801,$C$5,Consolidated_Data!$A$2:$A$801,$C$6,Consolidated_Data!$I$2:$I$801,$C$7,Consolidated_Data!$J$2:$J$801,$C$8) -> 353 | I24: =SUMIFS(Consolidated_Data!$L$2:$L$801,Consolidated_Data!$C$2:$C$801,"<>",Consolidated_Data!$F$2:$F$801,$G24,Consolidated_Data!$F$2:$F$801,$C$4,Consolidated_Data!$E$2:$E$801,$C$5,Consolidated_Data!$A$2:$A$801,$C$6,Consolidated_Data!$I$2:$I$801,$C$7,Consolidated_Data!$J$2:$J$801,$C$8) -> 271 | J24: =COUNTIFS(Consolidated_Data!$C$2:$C$801,"<>",Consolidated_Data!$F$2:$F$801,$G24,Consolidated_Data!$F$2:$F$801,$C$4,Consolidated_Data!$E$2:$E$801,$C$5,Consolidated_Data!$A$2:$A$801,$C$6,Consolidated_Data!$I$2:$I$801,$C$7,Consolidated_Data!$J$2:$J$801,$C$8) -> 6
A25: Y2Q1 | B25: =SUMIFS(Consolidated_Data!$K$2:$K$801,Consolidated_Data!$C$2:$C$801,"<>",Consolidated_Data!$J$2:$J$801,$A25,Consolidated_Data!$F$2:$F$801,$C$4,Consolidated_Data!$E$2:$E$801,$C$5,Consolidated_Data!$A$2:$A$801,$C$6,Consolidated_Data!$I$2:$I$801,$C$7,Consolidated_Data!$J$2:$J$801,$C$8) -> 232 | C25: =SUMIFS(Consolidated_Data!$L$2:$L$801,Consolidated_Data!$C$2:$C$801,"<>",Consolidated_Data!$J$2:$J$801,$A25,Consolidated_Data!$F$2:$F$801,$C$4,Consolidated_Data!$E$2:$E$801,$C$5,Consolidated_Data!$A$2:$A$801,$C$6,Consolidated_Data!$I$2:$I$801,$C$7,Consolidated_Data!$J$2:$J$801,$C$8) -> 223 | D25: =COUNTIFS(Consolidated_Data!$C$2:$C$801,"<>",Consolidated_Data!$J$2:$J$801,$A25,Consolidated_Data!$F$2:$F$801,$C$4,Consolidated_Data!$E$2:$E$801,$C$5,Consolidated_Data!$A$2:$A$801,$C$6,Consolidated_Data!$I$2:$I$801,$C$7,Consolidated_Data!$J$2:$J$801,$C$8) -> 4 | G25: Country_5 | H25: =SUMIFS(Consolidated_Data!$K$2:$K$801,Consolidated_Data!$C$2:$C$801,"<>",Consolidated_Data!$F$2:$F$801,$G25,Consolidated_Data!$F$2:$F$801,$C$4,Consolidated_Data!$E$2:$E$801,$C$5,Consolidated_Data!$A$2:$A$801,$C$6,Consolidated_Data!$I$2:$I$801,$C$7,Consolidated_Data!$J$2:$J$801,$C$8) -> 295 | I25: =SUMIFS(Consolidated_Data!$L$2:$L$801,Consolidated_Data!$C$2:$C$801,"<>",Consolidated_Data!$F$2:$F$801,$G25,Consolidated_Data!$F$2:$F$801,$C$4,Consolidated_Data!$E$2:$E$801,$C$5,Consolidated_Data!$A$2:$A$801,$C$6,Consolidated_Data!$I$2:$I$801,$C$7,Consolidated_Data!$J$2:$J$801,$C$8) -> 304 | J25: =COUNTIFS(Consolidated_Data!$C$2:$C$801,"<>",Consolidated_Data!$F$2:$F$801,$G25,Consolidated_Data!$F$2:$F$801,$C$4,Consolidated_Data!$E$2:$E$801,$C$5,Consolidated_Data!$A$2:$A$801,$C$6,Consolidated_Data!$I$2:$I$801,$C$7,Consolidated_Data!$J$2:$J$801,$C$8) -> 6
A26: Y2Q2 | B26: =SUMIFS(Consolidated_Data!$K$2:$K$801,Consolidated_Data!$C$2:$C$801,"<>",Consolidated_Data!$J$2:$J$801,$A26,Consolidated_Data!$F$2:$F$801,$C$4,Consolidated_Data!$E$2:$E$801,$C$5,Consolidated_Data!$A$2:$A$801,$C$6,Consolidated_Data!$I$2:$I$801,$C$7,Consolidated_Data!$J$2:$J$801,$C$8) -> 202 | C26: =SUMIFS(Consolidated_Data!$L$2:$L$801,Consolidated_Data!$C$2:$C$801,"<>",Consolidated_Data!$J$2:$J$801,$A26,Consolidated_Data!$F$2:$F$801,$C$4,Consolidated_Data!$E$2:$E$801,$C$5,Consolidated_Data!$A$2:$A$801,$C$6,Consolidated_Data!$I$2:$I$801,$C$7,Consolidated_Data!$J$2:$J$801,$C$8) -> 198 | D26: =COUNTIFS(Consolidated_Data!$C$2:$C$801,"<>",Consolidated_Data!$J$2:$J$801,$A26,Consolidated_Data!$F$2:$F$801,$C$4,Consolidated_Data!$E$2:$E$801,$C$5,Consolidated_Data!$A$2:$A$801,$C$6,Consolidated_Data!$I$2:$I$801,$C$7,Consolidated_Data!$J$2:$J$801,$C$8) -> 4 | G26: Country_6 | H26: =SUMIFS(Consolidated_Data!$K$2:$K$801,Consolidated_Data!$C$2:$C$801,"<>",Consolidated_Data!$F$2:$F$801,$G26,Consolidated_Data!$F$2:$F$801,$C$4,Consolidated_Data!$E$2:$E$801,$C$5,Consolidated_Data!$A$2:$A$801,$C$6,Consolidated_Data!$I$2:$I$801,$C$7,Consolidated_Data!$J$2:$J$801,$C$8) -> 287 | I26: =SUMIFS(Consolidated_Data!$L$2:$L$801,Consolidated_Data!$C$2:$C$801,"<>",Consolidated_Data!$F$2:$F$801,$G26,Consolidated_Data!$F$2:$F$801,$C$4,Consolidated_Data!$E$2:$E$801,$C$5,Consolidated_Data!$A$2:$A$801,$C$6,Consolidated_Data!$I$2:$I$801,$C$7,Consolidated_Data!$J$2:$J$801,$C$8) -> 180 | J26: =COUNTIFS(Consolidated_Data!$C$2:$C$801,"<>",Consolidated_Data!$F$2:$F$801,$G26,Consolidated_Data!$F$2:$F$801,$C$4,Consolidated_Data!$E$2:$E$801,$C$5,Consolidated_Data!$A$2:$A$801,$C$6,Consolidated_Data!$I$2:$I$801,$C$7,Consolidated_Data!$J$2:$J$801,$C$8) -> 6
A27: Y2Q3 | B27: =SUMIFS(Consolidated_Data!$K$2:$K$801,Consolidated_Data!$C$2:$C$801,"<>",Consolidated_Data!$J$2:$J$801,$A27,Consolidated_Data!$F$2:$F$801,$C$4,Consolidated_Data!$E$2:$E$801,$C$5,Consolidated_Data!$A$2:$A$801,$C$6,Consolidated_Data!$I$2:$I$801,$C$7,Consolidated_Data!$J$2:$J$801,$C$8) -> 230 | C27: =SUMIFS(Consolidated_Data!$L$2:$L$801,Consolidated_Data!$C$2:$C$801,"<>",Consolidated_Data!$J$2:$J$801,$A27,Consolidated_Data!$F$2:$F$801,$C$4,Consolidated_Data!$E$2:$E$801,$C$5,Consolidated_Data!$A$2:$A$801,$C$6,Consolidated_Data!$I$2:$I$801,$C$7,Consolidated_Data!$J$2:$J$801,$C$8) -> 234 | D27: =COUNTIFS(Consolidated_Data!$C$2:$C$801,"<>",Consolidated_Data!$J$2:$J$801,$A27,Consolidated_Data!$F$2:$F$801,$C$4,Consolidated_Data!$E$2:$E$801,$C$5,Consolidated_Data!$A$2:$A$801,$C$6,Consolidated_Data!$I$2:$I$801,$C$7,Consolidated_Data!$J$2:$J$801,$C$8) -> 4 | G27: Country_7 | H27: =SUMIFS(Consolidated_Data!$K$2:$K$801,Consolidated_Data!$C$2:$C$801,"<>",Consolidated_Data!$F$2:$F$801,$G27,Consolidated_Data!$F$2:$F$801,$C$4,Consolidated_Data!$E$2:$E$801,$C$5,Consolidated_Data!$A$2:$A$801,$C$6,Consolidated_Data!$I$2:$I$801,$C$7,Consolidated_Data!$J$2:$J$801,$C$8) -> 279 | I27: =SUMIFS(Consolidated_Data!$L$2:$L$801,Consolidated_Data!$C$2:$C$801,"<>",Consolidated_Data!$F$2:$F$801,$G27,Consolidated_Data!$F$2:$F$801,$C$4,Consolidated_Data!$E$2:$E$801,$C$5,Consolidated_Data!$A$2:$A$801,$C$6,Consolidated_Data!$I$2:$I$801,$C$7,Consolidated_Data!$J$2:$J$801,$C$8) -> 282 | J27: =COUNTIFS(Consolidated_Data!$C$2:$C$801,"<>",Consolidated_Data!$F$2:$F$801,$G27,Consolidated_Data!$F$2:$F$801,$C$4,Consolidated_Data!$E$2:$E$801,$C$5,Consolidated_Data!$A$2:$A$801,$C$6,Consolidated_Data!$I$2:$I$801,$C$7,Consolidated_Data!$J$2:$J$801,$C$8) -> 6
A28: Y2Q4 | B28: =SUMIFS(Consolidated_Data!$K$2:$K$801,Consolidated_Data!$C$2:$C$801,"<>",Consolidated_Data!$J$2:$J$801,$A28,Consolidated_Data!$F$2:$F$801,$C$4,Consolidated_Data!$E$2:$E$801,$C$5,Consolidated_Data!$A$2:$A$801,$C$6,Consolidated_Data!$I$2:$I$801,$C$7,Consolidated_Data!$J$2:$J$801,$C$8) -> 200 | C28: =SUMIFS(Consolidated_Data!$L$2:$L$801,Consolidated_Data!$C$2:$C$801,"<>",Consolidated_Data!$J$2:$J$801,$A28,Consolidated_Data!$F$2:$F$801,$C$4,Consolidated_Data!$E$2:$E$801,$C$5,Consolidated_Data!$A$2:$A$801,$C$6,Consolidated_Data!$I$2:$I$801,$C$7,Consolidated_Data!$J$2:$J$801,$C$8) -> 209 | D28: =COUNTIFS(Consolidated_Data!$C$2:$C$801,"<>",Consolidated_Data!$J$2:$J$801,$A28,Consolidated_Data!$F$2:$F$801,$C$4,Consolidated_Data!$E$2:$E$801,$C$5,Consolidated_Data!$A$2:$A$801,$C$6,Consolidated_Data!$I$2:$I$801,$C$7,Consolidated_Data!$J$2:$J$801,$C$8) -> 4 | G28: Country_8 | H28: =SUMIFS(Consolidated_Data!$K$2:$K$801,Consolidated_Data!$C$2:$C$801,"<>",Consolidated_Data!$F$2:$F$801,$G28,Consolidated_Data!$F$2:$F$801,$C$4,Consolidated_Data!$E$2:$E$801,$C$5,Consolidated_Data!$A$2:$A$801,$C$6,Consolidated_Data!$I$2:$I$801,$C$7,Consolidated_Data!$J$2:$J$801,$C$8) -> 321 | I28: =SUMIFS(Consolidated_Data!$L$2:$L$801,Consolidated_Data!$C$2:$C$801,"<>",Consolidated_Data!$F$2:$F$801,$G28,Consolidated_Data!$F$2:$F$801,$C$4,Consolidated_Data!$E$2:$E$801,$C$5,Consolidated_Data!$A$2:$A$801,$C$6,Consolidated_Data!$I$2:$I$801,$C$7,Consolidated_Data!$J$2:$J$801,$C$8) -> 210 | J28: =COUNTIFS(Consolidated_Data!$C$2:$C$801,"<>",Consolidated_Data!$F$2:$F$801,$G28,Consolidated_Data!$F$2:$F$801,$C$4,Consolidated_Data!$E$2:$E$801,$C$5,Consolidated_Data!$A$2:$A$801,$C$6,Consolidated_Data!$I$2:$I$801,$C$7,Consolidated_Data!$J$2:$J$801,$C$8) -> 6
A29: Y3Q1 | B29: =SUMIFS(Consolidated_Data!$K$2:$K$801,Consolidated_Data!$C$2:$C$801,"<>",Consolidated_Data!$J$2:$J$801,$A29,Consolidated_Data!$F$2:$F$801,$C$4,Consolidated_Data!$E$2:$E$801,$C$5,Consolidated_Data!$A$2:$A$801,$C$6,Consolidated_Data!$I$2:$I$801,$C$7,Consolidated_Data!$J$2:$J$801,$C$8) -> 220 | C29: =SUMIFS(Consolidated_Data!$L$2:$L$801,Consolidated_Data!$C$2:$C$801,"<>",Consolidated_Data!$J$2:$J$801,$A29,Consolidated_Data!$F$2:$F$801,$C$4,Consolidated_Data!$E$2:$E$801,$C$5,Consolidated_Data!$A$2:$A$801,$C$6,Consolidated_Data!$I$2:$I$801,$C$7,Consolidated_Data!$J$2:$J$801,$C$8) -> 213 | D29: =COUNTIFS(Consolidated_Data!$C$2:$C$801,"<>",Consolidated_Data!$J$2:$J$801,$A29,Consolidated_Data!$F$2:$F$801,$C$4,Consolidated_Data!$E$2:$E$801,$C$5,Consolidated_Data!$A$2:$A$801,$C$6,Consolidated_Data!$I$2:$I$801,$C$7,Consolidated_Data!$J$2:$J$801,$C$8) -> 4
A30: Y3Q2 | B30: =SUMIFS(Consolidated_Data!$K$2:$K$801,Consolidated_Data!$C$2:$C$801,"<>",Consolidated_Data!$J$2:$J$801,$A30,Consolidated_Data!$F$2:$F$801,$C$4,Consolidated_Data!$E$2:$E$801,$C$5,Consolidated_Data!$A$2:$A$801,$C$6,Consolidated_Data!$I$2:$I$801,$C$7,Consolidated_Data!$J$2:$J$801,$C$8) -> 240 | C30: =SUMIFS(Consolidated_Data!$L$2:$L$801,Consolidated_Data!$C$2:$C$801,"<>",Consolidated_Data!$J$2:$J$801,$A30,Consolidated_Data!$F$2:$F$801,$C$4,Consolidated_Data!$E$2:$E$801,$C$5,Consolidated_Data!$A$2:$A$801,$C$6,Consolidated_Data!$I$2:$I$801,$C$7,Consolidated_Data!$J$2:$J$801,$C$8) -> 238 | D30: =COUNTIFS(Consolidated_Data!$C$2:$C$801,"<>",Consolidated_Data!$J$2:$J$801,$A30,Consolidated_Data!$F$2:$F$801,$C$4,Consolidated_Data!$E$2:$E$801,$C$5,Consolidated_Data!$A$2:$A$801,$C$6,Consolidated_Data!$I$2:$I$801,$C$7,Consolidated_Data!$J$2:$J$801,$C$8) -> 4
A31: Y3Q3 | B31: =SUMIFS(Consolidated_Data!$K$2:$K$801,Consolidated_Data!$C$2:$C$801,"<>",Consolidated_Data!$J$2:$J$801,$A31,Consolidated_Data!$F$2:$F$801,$C$4,Consolidated_Data!$E$2:$E$801,$C$5,Consolidated_Data!$A$2:$A$801,$C$6,Consolidated_Data!$I$2:$I$801,$C$7,Consolidated_Data!$J$2:$J$801,$C$8) -> 210 | C31: =SUMIFS(Consolidated_Data!$L$2:$L$801,Consolidated_Data!$C$2:$C$801,"<>",Consolidated_Data!$J$2:$J$801,$A31,Consolidated_Data!$F$2:$F$801,$C$4,Consolidated_Data!$E$2:$E$801,$C$5,Consolidated_Data!$A$2:$A$801,$C$6,Consolidated_Data!$I$2:$I$801,$C$7,Consolidated_Data!$J$2:$J$801,$C$8) -> 0 | D31: =COUNTIFS(Consolidated_Data!$C$2:$C$801,"<>",Consolidated_Data!$J$2:$J$801,$A31,Consolidated_Data!$F$2:$F$801,$C$4,Consolidated_Data!$E$2:$E$801,$C$5,Consolidated_Data!$A$2:$A$801,$C$6,Consolidated_Data!$I$2:$I$801,$C$7,Consolidated_Data!$J$2:$J$801,$C$8) -> 4
A32: Y3Q4 | B32: =SUMIFS(Consolidated_Data!$K$2:$K$801,Consolidated_Data!$C$2:$C$801,"<>",Consolidated_Data!$J$2:$J$801,$A32,Consolidated_Data!$F$2:$F$801,$C$4,Consolidated_Data!$E$2:$E$801,$C$5,Consolidated_Data!$A$2:$A$801,$C$6,Consolidated_Data!$I$2:$I$801,$C$7,Consolidated_Data!$J$2:$J$801,$C$8) -> 230 | C32: =SUMIFS(Consolidated_Data!$L$2:$L$801,Consolidated_Data!$C$2:$C$801,"<>",Consolidated_Data!$J$2:$J$801,$A32,Consolidated_Data!$F$2:$F$801,$C$4,Consolidated_Data!$E$2:$E$801,$C$5,Consolidated_Data!$A$2:$A$801,$C$6,Consolidated_Data!$I$2:$I$801,$C$7,Consolidated_Data!$J$2:$J$801,$C$8) -> 0 | D32: =COUNTIFS(Consolidated_Data!$C$2:$C$801,"<>",Consolidated_Data!$J$2:$J$801,$A32,Consolidated_Data!$F$2:$F$801,$C$4,Consolidated_Data!$E$2:$E$801,$C$5,Consolidated_Data!$A$2:$A$801,$C$6,Consolidated_Data!$I$2:$I$801,$C$7,Consolidated_Data!$J$2:$J$801,$C$8) -> 4
A35: Dashboard notes: filters work like slicers. Replace the sample rows on each country sheet with your own data inside the blue-font input cells.

Sheet Lists
A1: All | B1: All | C1: All | D1: All | E1: All | F1: Not started | G1: Yes | H1: Document Review | I1: Pending | K1: Filter list locations
A2: Country_1 | B2: Training | C2: OI-101 | D2: Year 1 | E2: Y1Q1 | F2: In progress | G2: No | H2: Site Visit | I2: In Review | K2: A: Countries
A3: Country_2 | B3: Outreach | C3: OI-102 | D3: Year 2 | E3: Y1Q2 | F3: Completed | H3: Phone Check | I3: Complete | K3: B: Components
A4: Country_3 | B4: Monitoring | C4: OI-103 | D4: Year 3 | E4: Y1Q3 | F4: Delayed | H4: Digital Verification | K4: C: Indicators
A5: Country_4 | B5: Advocacy | C5: OI-104 | E5: Y1Q4 | F5: Cancelled | K5: D: Program Years
A6: Country_5 | E6: Y2Q1 | K6: E: Quarters
A7: Country_6 | E7: Y2Q2 | K7: F: Statuses
A8: Country_7 | E8: Y2Q3 | K8: G: Yes/No
A9: Country_8 | E9: Y2Q4 | K9: H: Verification Types
E10: Y3Q1 | K10: I: Verification Statuses
E11: Y3Q2
E12: Y3Q3
E13: Y3Q4

Sheet Consolidated_Data
A1: Output Indicator ID | B1: Output Indicator Description | C1: Activity ID | D1: Activity Name | E1: Component | F1: Country of Implementation | G1: Start Date | H1: End Date | I1: Program Year | J1: Quarter of Implementation | K1: Planned Number of Participants | L1: Actual Number of Participants | M1: % Achievement | N1: Means of Verification (Primary) | O1: Use Second Verification? (Yes/No) | P1: Status | Q1: Comments / Risks / Issues
A2: =IF(Country_1!$C3="","",Country_1!A3) -> OI-101 | B2: =IF(Country_1!$C3="","",Country_1!B3) -> People trained in targeted skills | C2: =IF(Country_1!$C3="","",Country_1!C3) -> C1A001 | D2: =IF(Country_1!$C3="","",Country_1!D3) -> Training workshop 1 | E2: =IF(Country_1!$C3="","",Country_1!E3) -> Training | F2: =IF(Country_1!$C3="","",Country_1!F3) -> Country_1 | G2: =IF(Country_1!$C3="","",Country_1!G3) -> 45292 | H2: =IF(Country_1!$C3="","",Country_1!H3) -> 45382 | ... Q2: =IF(Country_1!$C3="","",Country_1!Q3) -> Completed as scheduled.
A3: =IF(Country_1!$C4="","",Country_1!A4) -> OI-102 | B3: =IF(Country_1!$C4="","",Country_1!B4) -> Community outreach events delivered | C3: =IF(Country_1!$C4="","",Country_1!C4) -> C1A002 | D3: =IF(Country_1!$C4="","",Country_1!D4) -> Community outreach campaign 2 | E3: =IF(Country_1!$C4="","",Country_1!E4) -> Outreach | F3: =IF(Country_1!$C4="","",Country_1!F4) -> Country_1 | G3: =IF(Country_1!$C4="","",Country_1!G4) -> 45383 | H3: =IF(Country_1!$C4="","",Country_1!H4) -> 45473 | ... Q3: =IF(Country_1!$C4="","",Country_1!Q4) -> Completed as scheduled.
A4: =IF(Country_1!$C5="","",Country_1!A5) -> OI-103 | B4: =IF(Country_1!$C5="","",Country_1!B5) -> Supportive supervision visits conducted | C4: =IF(Country_1!$C5="","",Country_1!C5) -> C1A003 | D4: =IF(Country_1!$C5="","",Country_1!D5) -> Supportive supervision visit 3 | E4: =IF(Country_1!$C5="","",Country_1!E5) -> Monitoring | F4: =IF(Country_1!$C5="","",Country_1!F5) -> Country_1 | G4: =IF(Country_1!$C5="","",Country_1!G5) -> 45474 | H4: =IF(Country_1!$C5="","",Country_1!H5) -> 45565 | ... Q4: =IF(Country_1!$C5="","",Country_1!Q5) -> Completed as scheduled.
A5: =IF(Country_1!$C6="","",Country_1!A6) -> OI-104 | B5: =IF(Country_1!$C6="","",Country_1!B6) -> Policy dialogues facilitated | C5: =IF(Country_1!$C6="","",Country_1!C6) -> C1A004 | D5: =IF(Country_1!$C6="","",Country_1!D6) -> Policy dialogue 4 | E5: =IF(Country_1!$C6="","",Country_1!E6) -> Advocacy | F5: =IF(Country_1!$C6="","",Country_1!F6) -> Country_1 | G5: =IF(Country_1!$C6="","",Country_1!G6) -> 45566 | H5: =IF(Country_1!$C6="","",Country_1!H6) -> 45657 | ... Q5: =IF(Country_1!$C6="","",Country_1!Q6) -> Final attendance reconciliation pending.
A6: =IF(Country_1!$C7="","",Country_1!A7) -> OI-101 | B6: =IF(Country_1!$C7="","",Country_1!B7) -> People trained in targeted skills | C6: =IF(Country_1!$C7="","",Country_1!C7) -> C1A005 | D6: =IF(Country_1!$C7="","",Country_1!D7) -> Training workshop 5 | E6: =IF(Country_1!$C7="","",Country_1!E7) -> Training | F6: =IF(Country_1!$C7="","",Country_1!F7) -> Country_1 | G6: =IF(Country_1!$C7="","",Country_1!G7) -> 45658 | H6: =IF(Country_1!$C7="","",Country_1!H7) -> 45747 | ... Q6: =IF(Country_1!$C7="","",Country_1!Q7) -> Final attendance reconciliation pending.
A7: =IF(Country_1!$C8="","",Country_1!A8) -> OI-102 | B7: =IF(Country_1!$C8="","",Country_1!B8) -> Community outreach events delivered | C7: =IF(Country_1!$C8="","",Country_1!C8) -> C1A006 | D7: =IF(Country_1!$C8="","",Country_1!D8) -> Community outreach campaign 6 | E7: =IF(Country_1!$C8="","",Country_1!E8) -> Outreach | F7: =IF(Country_1!$C8="","",Country_1!F8) -> Country_1 | G7: =IF(Country_1!$C8="","",Country_1!G8) -> 45748 | H7: =IF(Country_1!$C8="","",Country_1!H8) -> 45838 | ... Q7: =IF(Country_1!$C8="","",Country_1!Q8) -> Final attendance reconciliation pending.
A8: =IF(Country_1!$C9="","",Country_1!A9) | B8: =IF(Country_1!$C9="","",Country_1!B9) | C8: =IF(Country_1!$C9="","",Country_1!C9) | D8: =IF(Country_1!$C9="","",Country_1!D9) | E8: =IF(Country_1!$C9="","",Country_1!E9) | F8: =IF(Country_1!$C9="","",Country_1!F9) | G8: =IF(Country_1!$C9="","",Country_1!G9) | H8: =IF(Country_1!$C9="","",Country_1!H9) | ... Q8: =IF(Country_1!$C9="","",Country_1!Q9)
A9: =IF(Country_1!$C10="","",Country_1!A10) | B9: =IF(Country_1!$C10="","",Country_1!B10) | C9: =IF(Country_1!$C10="","",Country_1!C10) | D9: =IF(Country_1!$C10="","",Country_1!D10) | E9: =IF(Country_1!$C10="","",Country_1!E10) | F9: =IF(Country_1!$C10="","",Country_1!F10) | G9: =IF(Country_1!$C10="","",Country_1!G10) | H9: =IF(Country_1!$C10="","",Country_1!H10) | ... Q9: =IF(Country_1!$C10="","",Country_1!Q10)
A10: =IF(Country_1!$C11="","",Country_1!A11) | B10: =IF(Country_1!$C11="","",Country_1!B11) | C10: =IF(Country_1!$C11="","",Country_1!C11) | D10: =IF(Country_1!$C11="","",Country_1!D11) | E10: =IF(Country_1!$C11="","",Country_1!E11) | F10: =IF(Country_1!$C11="","",Country_1!F11) | G10: =IF(Country_1!$C11="","",Country_1!G11) | H10: =IF(Country_1!$C11="","",Country_1!H11) | ... Q10: =IF(Country_1!$C11="","",Country_1!Q11)
A11: =IF(Country_1!$C12="","",Country_1!A12) | B11: =IF(Country_1!$C12="","",Country_1!B12) | C11: =IF(Country_1!$C12="","",Country_1!C12) | D11: =IF(Country_1!$C12="","",Country_1!D12) | E11: =IF(Country_1!$C12="","",Country_1!E12) | F11: =IF(Country_1!$C12="","",Country_1!F12) | G11: =IF(Country_1!$C12="","",Country_1!G12) | H11: =IF(Country_1!$C12="","",Country_1!H12) | ... Q11: =IF(Country_1!$C12="","",Country_1!Q12)
A12: =IF(Country_1!$C13="","",Country_1!A13) | B12: =IF(Country_1!$C13="","",Country_1!B13) | C12: =IF(Country_1!$C13="","",Country_1!C13) | D12: =IF(Country_1!$C13="","",Country_1!D13) | E12: =IF(Country_1!$C13="","",Country_1!E13) | F12: =IF(Country_1!$C13="","",Country_1!F13) | G12: =IF(Country_1!$C13="","",Country_1!G13) | H12: =IF(Country_1!$C13="","",Country_1!H13) | ... Q12: =IF(Country_1!$C13="","",Country_1!Q13)
A13: =IF(Country_1!$C14="","",Country_1!A14) | B13: =IF(Country_1!$C14="","",Country_1!B14) | C13: =IF(Country_1!$C14="","",Country_1!C14) | D13: =IF(Country_1!$C14="","",Country_1!D14) | E13: =IF(Country_1!$C14="","",Country_1!E14) | F13: =IF(Country_1!$C14="","",Country_1!F14) | G13: =IF(Country_1!$C14="","",Country_1!G14) | H13: =IF(Country_1!$C14="","",Country_1!H14) | ... Q13: =IF(Country_1!$C14="","",Country_1!Q14)
... A101: =IF(Country_1!$C102="","",Country_1!A102) | B101: =IF(Country_1!$C102="","",Country_1!B102) | C101: =IF(Country_1!$C102="","",Country_1!C102) | D101: =IF(Country_1!$C102="","",Country_1!D102) | E101: =IF(Country_1!$C102="","",Country_1!E102) | F101: =IF(Country_1!$C102="","",Country_1!F102) | G101: =IF(Country_1!$C102="","",Country_1!G102) | H101: =IF(Country_1!$C102="","",Country_1!H102) | ... Q101: =IF(Country_1!$C102="","",Country_1!Q102)
A102: =IF(Country_2!$C3="","",Country_2!A3) -> OI-102 | B102: =IF(Country_2!$C3="","",Country_2!B3) -> Community outreach events delivered | C102: =IF(Country_2!$C3="","",Country_2!C3) -> C2A001 | D102: =IF(Country_2!$C3="","",Country_2!D3) -> Community outreach campaign 1 | E102: =IF(Country_2!$C3="","",Country_2!E3) -> Outreach | F102: =IF(Country_2!$C3="","",Country_2!F3) -> Country_2 | G102: =IF(Country_2!$C3="","",Country_2!G3) -> 45839 | H102: =IF(Country_2!$C3="","",Country_2!H3) -> 45930 | ... Q102: =IF(Country_2!$C3="","",Country_2!Q3) -> Final attendance reconciliation pending.
A103: =IF(Country_2!$C4="","",Country_2!A4) -> OI-103 | B103: =IF(Country_2!$C4="","",Country_2!B4) -> Supportive supervision visits conducted | C103: =IF(Country_2!$C4="","",Country_2!C4) -> C2A002 | D103: =IF(Country_2!$C4="","",Country_2!D4) -> Supportive supervision visit 2 | E103: =IF(Country_2!$C4="","",Country_2!E4) -> Monitoring | F103: =IF(Country_2!$C4="","",Country_2!F4) -> Country_2 | G103: =IF(Country_2!$C4="","",Country_2!G4) -> 45931 | H103: =IF(Country_2!$C4="","",Country_2!H4) -> 46022 | ... Q103: =IF(Country_2!$C4="","",Country_2!Q4) -> Completed as scheduled.
A104: =IF(Country_2!$C5="","",Country_2!A5) -> OI-104 | B104: =IF(Country_2!$C5="","",Country_2!B5) -> Policy dialogues facilitated | C104: =IF(Country_2!$C5="","",Country_2!C5) -> C2A003 | D104: =IF(Country_2!$C5="","",Country_2!D5) -> Policy dialogue 3 | E104: =IF(Country_2!$C5="","",Country_2!E5) -> Advocacy | F104: =IF(Country_2!$C5="","",Country_2!F5) -> Country_2 | G104: =IF(Country_2!$C5="","",Country_2!G5) -> 46023 | H104: =IF(Country_2!$C5="","",Country_2!H5) -> 46112 | ... Q104: =IF(Country_2!$C5="","",Country_2!Q5) -> Completed as scheduled.
A105: =IF(Country_2!$C6="","",Country_2!A6) -> OI-101 | B105: =IF(Country_2!$C6="","",Country_2!B6) -> People trained in targeted skills | C105: =IF(Country_2!$C6="","",Country_2!C6) -> C2A004 | D105: =IF(Country_2!$C6="","",Country_2!D6) -> Training workshop 4 | E105: =IF(Country_2!$C6="","",Country_2!E6) -> Training | F105: =IF(Country_2!$C6="","",Country_2!F6) -> Country_2 | G105: =IF(Country_2!$C6="","",Country_2!G6) -> 46113 | H105: =IF(Country_2!$C6="","",Country_2!H6) -> 46203 | ... Q105: =IF(Country_2!$C6="","",Country_2!Q6) -> Completed as scheduled.
A106: =IF(Country_2!$C7="","",Country_2!A7) -> OI-102 | B106: =IF(Country_2!$C7="","",Country_2!B7) -> Community outreach events delivered | C106: =IF(Country_2!$C7="","",Country_2!C7) -> C2A005 | D106: =IF(Country_2!$C7="","",Country_2!D7) -> Community outreach campaign 5 | E106: =IF(Country_2!$C7="","",Country_2!E7) -> Outreach | F106: =IF(Country_2!$C7="","",Country_2!F7) -> Country_2 | G106: =IF(Country_2!$C7="","",Country_2!G7) -> 46204 | H106: =IF(Country_2!$C7="","",Country_2!H7) -> 46295 | ... Q106: =IF(Country_2!$C7="","",Country_2!Q7) -> Planned for a future quarter.
A107: =IF(Country_2!$C8="","",Country_2!A8) -> OI-103 | B107: =IF(Country_2!$C8="","",Country_2!B8) -> Supportive supervision visits conducted | C107: =IF(Country_2!$C8="","",Country_2!C8) -> C2A006 | D107: =IF(Country_2!$C8="","",Country_2!D8) -> Supportive supervision visit 6 | E107: =IF(Country_2!$C8="","",Country_2!E8) -> Monitoring | F107: =IF(Country_2!$C8="","",Country_2!F8) -> Country_2 | G107: =IF(Country_2!$C8="","",Country_2!G8) -> 46296 | H107: =IF(Country_2!$C8="","",Country_2!H8) -> 46387 | ... Q107: =IF(Country_2!$C8="","",Country_2!Q8) -> Planned for a future quarter.
A108: =IF(Country_2!$C9="","",Country_2!A9) | B108: =IF(Country_2!$C9="","",Country_2!B9) | C108: =IF(Country_2!$C9="","",Country_2!C9) | D108: =IF(Country_2!$C9="","",Country_2!D9) | E108: =IF(Country_2!$C9="","",Country_2!E9) | F108: =IF(Country_2!$C9="","",Country_2!F9) | G108: =IF(Country_2!$C9="","",Country_2!G9) | H108: =IF(Country_2!$C9="","",Country_2!H9) | ... Q108: =IF(Country_2!$C9="","",Country_2!Q9)
A109: =IF(Country_2!$C10="","",Country_2!A10) | B109: =IF(Country_2!$C10="","",Country_2!B10) | C109: =IF(Country_2!$C10="","",Country_2!C10) | D109: =IF(Country_2!$C10="","",Country_2!D10) | E109: =IF(Country_2!$C10="","",Country_2!E10) | F109: =IF(Country_2!$C10="","",Country_2!F10) | G109: =IF(Country_2!$C10="","",Country_2!G10) | H109: =IF(Country_2!$C10="","",Country_2!H10) | ... Q109: =IF(Country_2!$C10="","",Country_2!Q10)
A110: =IF(Country_2!$C11="","",Country_2!A11) | B110: =IF(Country_2!$C11="","",Country_2!B11) | C110: =IF(Country_2!$C11="","",Country_2!C11) | D110: =IF(Country_2!$C11="","",Country_2!D11) | E110: =IF(Country_2!$C11="","",Country_2!E11) | F110: =IF(Country_2!$C11="","",Country_2!F11) | G110: =IF(Country_2!$C11="","",Country_2!G11) | H110: =IF(Country_2!$C11="","",Country_2!H11) | ... Q110: =IF(Country_2!$C11="","",Country_2!Q11)
A111: =IF(Country_2!$C12="","",Country_2!A12) | B111: =IF(Country_2!$C12="","",Country_2!B12) | C111: =IF(Country_2!$C12="","",Country_2!C12) | D111: =IF(Country_2!$C12="","",Country_2!D12) | E111: =IF(Country_2!$C12="","",Country_2!E12) | F111: =IF(Country_2!$C12="","",Country_2!F12) | G111: =IF(Country_2!$C12="","",Country_2!G12) | H111: =IF(Country_2!$C12="","",Country_2!H12) | ... Q111: =IF(Country_2!$C12="","",Country_2!Q12)
A112: =IF(Country_2!$C13="","",Country_2!A13) | B112: =IF(Country_2!$C13="","",Country_2!B13) | C112: =IF(Country_2!$C13="","",Country_2!C13) | D112: =IF(Country_2!$C13="","",Country_2!D13) | E112: =IF(Country_2!$C13="","",Country_2!E13) | F112: =IF(Country_2!$C13="","",Country_2!F13) | G112: =IF(Country_2!$C13="","",Country_2!G13) | H112: =IF(Country_2!$C13="","",Country_2!H13) | ... Q112: =IF(Country_2!$C13="","",Country_2!Q13)
A113: =IF(Country_2!$C14="","",Country_2!A14) | B113: =IF(Country_2!$C14="","",Country_2!B14) | C113: =IF(Country_2!$C14="","",Country_2!C14) | D113: =IF(Country_2!$C14="","",Country_2!D14) | E113: =IF(Country_2!$C14="","",Country_2!E14) | F113: =IF(Country_2!$C14="","",Country_2!F14) | G113: =IF(Country_2!$C14="","",Country_2!G14) | H113: =IF(Country_2!$C14="","",Country_2!H14) | ... Q113: =IF(Country_2!$C14="","",Country_2!Q14)
... A201: =IF(Country_2!$C102="","",Country_2!A102) | B201: =IF(Country_2!$C102="","",Country_2!B102) | C201: =IF(Country_2!$C102="","",Country_2!C102) | D201: =IF(Country_2!$C102="","",Country_2!D102) | E201: =IF(Country_2!$C102="","",Country_2!E102) | F201: =IF(Country_2!$C102="","",Country_2!F102) | G201: =IF(Country_2!$C102="","",Country_2!G102) | H201: =IF(Country_2!$C102="","",Country_2!H102) | ... Q201: =IF(Country_2!$C102="","",Country_2!Q102)
A202: =IF(Country_3!$C3="","",Country_3!A3) -> OI-103 | B202: =IF(Country_3!$C3="","",Country_3!B3) -> Supportive supervision visits conducted | C202: =IF(Country_3!$C3="","",Country_3!C3) -> C3A001 | D202: =IF(Country_3!$C3="","",Country_3!D3) -> Supportive supervision visit 1 | E202: =IF(Country_3!$C3="","",Country_3!E3) -> Monitoring | F202: =IF(Country_3!$C3="","",Country_3!F3) -> Country_3 | G202: =IF(Country_3!$C3="","",Country_3!G3) -> 45292 | H202: =IF(Country_3!$C3="","",Country_3!H3) -> 45382 | ... Q202: =IF(Country_3!$C3="","",Country_3!Q3) -> Final attendance reconciliation pending.
A203: =IF(Country_3!$C4="","",Country_3!A4) -> OI-104 | B203: =IF(Country_3!$C4="","",Country_3!B4) -> Policy dialogues facilitated | C203: =IF(Country_3!$C4="","",Country_3!C4) -> C3A002 | D203: =IF(Country_3!$C4="","",Country_3!D4) -> Policy dialogue 2 | E203: =IF(Country_3!$C4="","",Country_3!E4) -> Advocacy | F203: =IF(Country_3!$C4="","",Country_3!F4) -> Country_3 | G203: =IF(Country_3!$C4="","",Country_3!G4) -> 45383 | H203: =IF(Country_3!$C4="","",Country_3!H4) -> 45473 | ... Q203: =IF(Country_3!$C4="","",Country_3!Q4) -> Final attendance reconciliation pending.
A204: =IF(Country_3!$C5="","",Country_3!A5) -> OI-101 | B204: =IF(Country_3!$C5="","",Country_3!B5) -> People trained in targeted skills | C204: =IF(Country_3!$C5="","",Country_3!C5) -> C3A003 | D204: =IF(Country_3!$C5="","",Country_3!D5) -> Training workshop 3 | E204: =IF(Country_3!$C5="","",Country_3!E5) -> Training | F204: =IF(Country_3!$C5="","",Country_3!F5) -> Country_3 | G204: =IF(Country_3!$C5="","",Country_3!G5) -> 45474 | H204: =IF(Country_3!$C5="","",Country_3!H5) -> 45565 | ... Q204: =IF(Country_3!$C5="","",Country_3!Q5) -> Completed as scheduled.
A205: =IF(Country_3!$C6="","",Country_3!A6) -> OI-102 | B205: =IF(Country_3!$C6="","",Country_3!B6) -> Community outreach events delivered | C205: =IF(Country_3!$C6="","",Country_3!C6) -> C3A004 | D205: =IF(Country_3!$C6="","",Country_3!D6) -> Community outreach campaign 4 | E205: =IF(Country_3!$C6="","",Country_3!E6) -> Outreach | F205: =IF(Country_3!$C6="","",Country_3!F6) -> Country_3 | G205: =IF(Country_3!$C6="","",Country_3!G6) -> 45566 | H205: =IF(Country_3!$C6="","",Country_3!H6) -> 45657 | ... Q205: =IF(Country_3!$C6="","",Country_3!Q6) -> Completed as scheduled.
A206: =IF(Country_3!$C7="","",Country_3!A7) -> OI-103 | B206: =IF(Country_3!$C7="","",Country_3!B7) -> Supportive supervision visits conducted | C206: =IF(Country_3!$C7="","",Country_3!C7) -> C3A005 | D206: =IF(Country_3!$C7="","",Country_3!D7) -> Supportive supervision visit 5 | E206: =IF(Country_3!$C7="","",Country_3!E7) -> Monitoring | F206: =IF(Country_3!$C7="","",Country_3!F7) -> Country_3 | G206: =IF(Country_3!$C7="","",Country_3!G7) -> 45658 | H206: =IF(Country_3!$C7="","",Country_3!H7) -> 45747 | ... Q206: =IF(Country_3!$C7="","",Country_3!Q7) -> Completed as scheduled.
A207: =IF(Country_3!$C8="","",Country_3!A8) -> OI-104 | B207: =IF(Country_3!$C8="","",Country_3!B8) -> Policy dialogues facilitated | C207: =IF(Country_3!$C8="","",Country_3!C8) -> C3A006 | D207: =IF(Country_3!$C8="","",Country_3!D8) -> Policy dialogue 6 | E207: =IF(Country_3!$C8="","",Country_3!E8) -> Advocacy | F207: =IF(Country_3!$C8="","",Country_3!F8) -> Country_3 | G207: =IF(Country_3!$C8="","",Country_3!G8) -> 45748 | H207: =IF(Country_3!$C8="","",Country_3!H8) -> 45838 | ... Q207: =IF(Country_3!$C8="","",Country_3!Q8) -> Final attendance reconciliation pending.
A208: =IF(Country_3!$C9="","",Country_3!A9) | B208: =IF(Country_3!$C9="","",Country_3!B9) | C208: =IF(Country_3!$C9="","",Country_3!C9) | D208: =IF(Country_3!$C9="","",Country_3!D9) | E208: =IF(Country_3!$C9="","",Country_3!E9) | F208: =IF(Country_3!$C9="","",Country_3!F9) | G208: =IF(Country_3!$C9="","",Country_3!G9) | H208: =IF(Country_3!$C9="","",Country_3!H9) | ... Q208: =IF(Country_3!$C9="","",Country_3!Q9)
A209: =IF(Country_3!$C10="","",Country_3!A10) | B209: =IF(Country_3!$C10="","",Country_3!B10) | C209: =IF(Country_3!$C10="","",Country_3!C10) | D209: =IF(Country_3!$C10="","",Country_3!D10) | E209: =IF(Country_3!$C10="","",Country_3!E10) | F209: =IF(Country_3!$C10="","",Country_3!F10) | G209: =IF(Country_3!$C10="","",Country_3!G10) | H209: =IF(Country_3!$C10="","",Country_3!H10) | ... Q209: =IF(Country_3!$C10="","",Country_3!Q10)
A210: =IF(Country_3!$C11="","",Country_3!A11) | B210: =IF(Country_3!$C11="","",Country_3!B11) | C210: =IF(Country_3!$C11="","",Country_3!C11) | D210: =IF(Country_3!$C11="","",Country_3!D11) | E210: =IF(Country_3!$C11="","",Country_3!E11) | F210: =IF(Country_3!$C11="","",Country_3!F11) | G210: =IF(Country_3!$C11="","",Country_3!G11) | H210: =IF(Country_3!$C11="","",Country_3!H11) | ... Q210: =IF(Country_3!$C11="","",Country_3!Q11)
A211: =IF(Country_3!$C12="","",Country_3!A12) | B211: =IF(Country_3!$C12="","",Country_3!B12) | C211: =IF(Country_3!$C12="","",Country_3!C12) | D211: =IF(Country_3!$C12="","",Country_3!D12) | E211: =IF(Country_3!$C12="","",Country_3!E12) | F211: =IF(Country_3!$C12="","",Country_3!F12) | G211: =IF(Country_3!$C12="","",Country_3!G12) | H211: =IF(Country_3!$C12="","",Country_3!H12) | ... Q211: =IF(Country_3!$C12="","",Country_3!Q12)
A212: =IF(Country_3!$C13="","",Country_3!A13) | B212: =IF(Country_3!$C13="","",Country_3!B13) | C212: =IF(Country_3!$C13="","",Country_3!C13) | D212: =IF(Country_3!$C13="","",Country_3!D13) | E212: =IF(Country_3!$C13="","",Country_3!E13) | F212: =IF(Country_3!$C13="","",Country_3!F13) | G212: =IF(Country_3!$C13="","",Country_3!G13) | H212: =IF(Country_3!$C13="","",Country_3!H13) | ... Q212: =IF(Country_3!$C13="","",Country_3!Q13)
A213: =IF(Country_3!$C14="","",Country_3!A14) | B213: =IF(Country_3!$C14="","",Country_3!B14) | C213: =IF(Country_3!$C14="","",Country_3!C14) | D213: =IF(Country_3!$C14="","",Country_3!D14) | E213: =IF(Country_3!$C14="","",Country_3!E14) | F213: =IF(Country_3!$C14="","",Country_3!F14) | G213: =IF(Country_3!$C14="","",Country_3!G14) | H213: =IF(Country_3!$C14="","",Country_3!H14) | ... Q213: =IF(Country_3!$C14="","",Country_3!Q14)
... A301: =IF(Country_3!$C102="","",Country_3!A102) | B301: =IF(Country_3!$C102="","",Country_3!B102) | C301: =IF(Country_3!$C102="","",Country_3!C102) | D301: =IF(Country_3!$C102="","",Country_3!D102) | E301: =IF(Country_3!$C102="","",Country_3!E102) | F301: =IF(Country_3!$C102="","",Country_3!F102) | G301: =IF(Country_3!$C102="","",Country_3!G102) | H301: =IF(Country_3!$C102="","",Country_3!H102) | ... Q301: =IF(Country_3!$C102="","",Country_3!Q102)
A302: =IF(Country_4!$C3="","",Country_4!A3) -> OI-104 | B302: =IF(Country_4!$C3="","",Country_4!B3) -> Policy dialogues facilitated | C302: =IF(Country_4!$C3="","",Country_4!C3) -> C4A001 | D302: =IF(Country_4!$C3="","",Country_4!D3) -> Policy dialogue 1 | E302: =IF(Country_4!$C3="","",Country_4!E3) -> Advocacy | F302: =IF(Country_4!$C3="","",Country_4!F3) -> Country_4 | G302: =IF(Country_4!$C3="","",Country_4!G3) -> 45839 | H302: =IF(Country_4!$C3="","",Country_4!H3) -> 45930 | ... Q302: =IF(Country_4!$C3="","",Country_4!Q3) -> Final attendance reconciliation pending.
A303: =IF(Country_4!$C4="","",Country_4!A4) -> OI-101 | B303: =IF(Country_4!$C4="","",Country_4!B4) -> People trained in targeted skills | C303: =IF(Country_4!$C4="","",Country_4!C4) -> C4A002 | D303: =IF(Country_4!$C4="","",Country_4!D4) -> Training workshop 2 | E303: =IF(Country_4!$C4="","",Country_4!E4) -> Training | F303: =IF(Country_4!$C4="","",Country_4!F4) -> Country_4 | G303: =IF(Country_4!$C4="","",Country_4!G4) -> 45931 | H303: =IF(Country_4!$C4="","",Country_4!H4) -> 46022 | ... Q303: =IF(Country_4!$C4="","",Country_4!Q4) -> Final attendance reconciliation pending.
A304: =IF(Country_4!$C5="","",Country_4!A5) -> OI-102 | B304: =IF(Country_4!$C5="","",Country_4!B5) -> Community outreach events delivered | C304: =IF(Country_4!$C5="","",Country_4!C5) -> C4A003 | D304: =IF(Country_4!$C5="","",Country_4!D5) -> Community outreach campaign 3 | E304: =IF(Country_4!$C5="","",Country_4!E5) -> Outreach | F304: =IF(Country_4!$C5="","",Country_4!F5) -> Country_4 | G304: =IF(Country_4!$C5="","",Country_4!G5) -> 46023 | H304: =IF(Country_4!$C5="","",Country_4!H5) -> 46112 | ... Q304: =IF(Country_4!$C5="","",Country_4!Q5) -> Final attendance reconciliation pending.
A305: =IF(Country_4!$C6="","",Country_4!A6) -> OI-103 | B305: =IF(Country_4!$C6="","",Country_4!B6) -> Supportive supervision visits conducted | C305: =IF(Country_4!$C6="","",Country_4!C6) -> C4A004 | D305: =IF(Country_4!$C6="","",Country_4!D6) -> Supportive supervision visit 4 | E305: =IF(Country_4!$C6="","",Country_4!E6) -> Monitoring | F305: =IF(Country_4!$C6="","",Country_4!F6) -> Country_4 | G305: =IF(Country_4!$C6="","",Country_4!G6) -> 46113 | H305: =IF(Country_4!$C6="","",Country_4!H6) -> 46203 | ... Q305: =IF(Country_4!$C6="","",Country_4!Q6) -> Completed as scheduled.
A306: =IF(Country_4!$C7="","",Country_4!A7) -> OI-104 | B306: =IF(Country_4!$C7="","",Country_4!B7) -> Policy dialogues facilitated | C306: =IF(Country_4!$C7="","",Country_4!C7) -> C4A005 | D306: =IF(Country_4!$C7="","",Country_4!D7) -> Policy dialogue 5 | E306: =IF(Country_4!$C7="","",Country_4!E7) -> Advocacy | F306: =IF(Country_4!$C7="","",Country_4!F7) -> Country_4 | G306: =IF(Country_4!$C7="","",Country_4!G7) -> 46204 | H306: =IF(Country_4!$C7="","",Country_4!H7) -> 46295 | ... Q306: =IF(Country_4!$C7="","",Country_4!Q7) -> Planned for a future quarter.
A307: =IF(Country_4!$C8="","",Country_4!A8) -> OI-101 | B307: =IF(Country_4!$C8="","",Country_4!B8) -> People trained in targeted skills | C307: =IF(Country_4!$C8="","",Country_4!C8) -> C4A006 | D307: =IF(Country_4!$C8="","",Country_4!D8) -> Training workshop 6 | E307: =IF(Country_4!$C8="","",Country_4!E8) -> Training | F307: =IF(Country_4!$C8="","",Country_4!F8) -> Country_4 | G307: =IF(Country_4!$C8="","",Country_4!G8) -> 46296 | H307: =IF(Country_4!$C8="","",Country_4!H8) -> 46387 | ... Q307: =IF(Country_4!$C8="","",Country_4!Q8) -> Planned for a future quarter.
A308: =IF(Country_4!$C9="","",Country_4!A9) | B308: =IF(Country_4!$C9="","",Country_4!B9) | C308: =IF(Country_4!$C9="","",Country_4!C9) | D308: =IF(Country_4!$C9="","",Country_4!D9) | E308: =IF(Country_4!$C9="","",Country_4!E9) | F308: =IF(Country_4!$C9="","",Country_4!F9) | G308: =IF(Country_4!$C9="","",Country_4!G9) | H308: =IF(Country_4!$C9="","",Country_4!H9) | ... Q308: =IF(Country_4!$C9="","",Country_4!Q9)
A309: =IF(Country_4!$C10="","",Country_4!A10) | B309: =IF(Country_4!$C10="","",Country_4!B10) | C309: =IF(Country_4!$C10="","",Country_4!C10) | D309: =IF(Country_4!$C10="","",Country_4!D10) | E309: =IF(Country_4!$C10="","",Country_4!E10) | F309: =IF(Country_4!$C10="","",Country_4!F10) | G309: =IF(Country_4!$C10="","",Country_4!G10) | H309: =IF(Country_4!$C10="","",Country_4!H10) | ... Q309: =IF(Country_4!$C10="","",Country_4!Q10)
A310: =IF(Country_4!$C11="","",Country_4!A11) | B310: =IF(Country_4!$C11="","",Country_4!B11) | C310: =IF(Country_4!$C11="","",Country_4!C11) | D310: =IF(Country_4!$C11="","",Country_4!D11) | E310: =IF(Country_4!$C11="","",Country_4!E11) | F310: =IF(Country_4!$C11="","",Country_4!F11) | G310: =IF(Country_4!$C11="","",Country_4!G11) | H310: =IF(Country_4!$C11="","",Country_4!H11) | ... Q310: =IF(Country_4!$C11="","",Country_4!Q11)
A311: =IF(Country_4!$C12="","",Country_4!A12) | B311: =IF(Country_4!$C12="","",Country_4!B12) | C311: =IF(Country_4!$C12="","",Country_4!C12) | D311: =IF(Country_4!$C12="","",Country_4!D12) | E311: =IF(Country_4!$C12="","",Country_4!E12) | F311: =IF(Country_4!$C12="","",Country_4!F12) | G311: =IF(Country_4!$C12="","",Country_4!G12) | H311: =IF(Country_4!$C12="","",Country_4!H12) | ... Q311: =IF(Country_4!$C12="","",Country_4!Q12)
A312: =IF(Country_4!$C13="","",Country_4!A13) | B312: =IF(Country_4!$C13="","",Country_4!B13) | C312: =IF(Country_4!$C13="","",Country_4!C13) | D312: =IF(Country_4!$C13="","",Country_4!D13) | E312: =IF(Country_4!$C13="","",Country_4!E13) | F312: =IF(Country_4!$C13="","",Country_4!F13) | G312: =IF(Country_4!$C13="","",Country_4!G13) | H312: =IF(Country_4!$C13="","",Country_4!H13) | ... Q312: =IF(Country_4!$C13="","",Country_4!Q13)
A313: =IF(Country_4!$C14="","",Country_4!A14) | B313: =IF(Country_4!$C14="","",Country_4!B14) | C313: =IF(Country_4!$C14="","",Country_4!C14) | D313: =IF(Country_4!$C14="","",Country_4!D14) | E313: =IF(Country_4!$C14="","",Country_4!E14) | F313: =IF(Country_4!$C14="","",Country_4!F14) | G313: =IF(Country_4!$C14="","",Country_4!G14) | H313: =IF(Country_4!$C14="","",Country_4!H14) | ... Q313: =IF(Country_4!$C14="","",Country_4!Q14)
... A401: =IF(Country_4!$C102="","",Country_4!A102) | B401: =IF(Country_4!$C102="","",Country_4!B102) | C401: =IF(Country_4!$C102="","",Country_4!C102) | D401: =IF(Country_4!$C102="","",Country_4!D102) | E401: =IF(Country_4!$C102="","",Country_4!E102) | F401: =IF(Country_4!$C102="","",Country_4!F102) | G401: =IF(Country_4!$C102="","",Country_4!G102) | H401: =IF(Country_4!$C102="","",Country_4!H102) | ... Q401: =IF(Country_4!$C102="","",Country_4!Q102)
A402: =IF(Country_5!$C3="","",Country_5!A3) -> OI-101 | B402: =IF(Country_5!$C3="","",Country_5!B3) -> People trained in targeted skills | C402: =IF(Country_5!$C3="","",Country_5!C3) -> C5A001 | D402: =IF(Country_5!$C3="","",Country_5!D3) -> Training workshop 1 | E402: =IF(Country_5!$C3="","",Country_5!E3) -> Training | F402: =IF(Country_5!$C3="","",Country_5!F3) -> Country_5 | G402: =IF(Country_5!$C3="","",Country_5!G3) -> 45292 | H402: =IF(Country_5!$C3="","",Country_5!H3) -> 45382 | ... Q402: =IF(Country_5!$C3="","",Country_5!Q3) -> Completed as scheduled.
A403: =IF(Country_5!$C4="","",Country_5!A4) -> OI-102 | B403: =IF(Country_5!$C4="","",Country_5!B4) -> Community outreach events delivered | C403: =IF(Country_5!$C4="","",Country_5!C4) -> C5A002 | D403: =IF(Country_5!$C4="","",Country_5!D4) -> Community outreach campaign 2 | E403: =IF(Country_5!$C4="","",Country_5!E4) -> Outreach | F403: =IF(Country_5!$C4="","",Country_5!F4) -> Country_5 | G403: =IF(Country_5!$C4="","",Country_5!G4) -> 45383 | H403: =IF(Country_5!$C4="","",Country_5!H4) -> 45473 | ... Q403: =IF(Country_5!$C4="","",Country_5!Q4) -> Final attendance reconciliation pending.
A404: =IF(Country_5!$C5="","",Country_5!A5) -> OI-103 | B404: =IF(Country_5!$C5="","",Country_5!B5) -> Supportive supervision visits conducted | C404: =IF(Country_5!$C5="","",Country_5!C5) -> C5A003 | D404: =IF(Country_5!$C5="","",Country_5!D5) -> Supportive supervision visit 3 | E404: =IF(Country_5!$C5="","",Country_5!E5) -> Monitoring | F404: =IF(Country_5!$C5="","",Country_5!F5) -> Country_5 | G404: =IF(Country_5!$C5="","",Country_5!G5) -> 45474 | H404: =IF(Country_5!$C5="","",Country_5!H5) -> 45565 | ... Q404: =IF(Country_5!$C5="","",Country_5!Q5) -> Final attendance reconciliation pending.
A405: =IF(Country_5!$C6="","",Country_5!A6) -> OI-104 | B405: =IF(Country_5!$C6="","",Country_5!B6) -> Policy dialogues facilitated | C405: =IF(Country_5!$C6="","",Country_5!C6) -> C5A004 | D405: =IF(Country_5!$C6="","",Country_5!D6) -> Policy dialogue 4 | E405: =IF(Country_5!$C6="","",Country_5!E6) -> Advocacy | F405: =IF(Country_5!$C6="","",Country_5!F6) -> Country_5 | G405: =IF(Country_5!$C6="","",Country_5!G6) -> 45566 | H405: =IF(Country_5!$C6="","",Country_5!H6) -> 45657 | ... Q405: =IF(Country_5!$C6="","",Country_5!Q6) -> Completed as scheduled.
A406: =IF(Country_5!$C7="","",Country_5!A7) -> OI-101 | B406: =IF(Country_5!$C7="","",Country_5!B7) -> People trained in targeted skills | C406: =IF(Country_5!$C7="","",Country_5!C7) -> C5A005 | D406: =IF(Country_5!$C7="","",Country_5!D7) -> Training workshop 5 | E406: =IF(Country_5!$C7="","",Country_5!E7) -> Training | F406: =IF(Country_5!$C7="","",Country_5!F7) -> Country_5 | G406: =IF(Country_5!$C7="","",Country_5!G7) -> 45658 | H406: =IF(Country_5!$C7="","",Country_5!H7) -> 45747 | ... Q406: =IF(Country_5!$C7="","",Country_5!Q7) -> Completed as scheduled.
A407: =IF(Country_5!$C8="","",Country_5!A8) -> OI-102 | B407: =IF(Country_5!$C8="","",Country_5!B8) -> Community outreach events delivered | C407: =IF(Country_5!$C8="","",Country_5!C8) -> C5A006 | D407: =IF(Country_5!$C8="","",Country_5!D8) -> Community outreach campaign 6 | E407: =IF(Country_5!$C8="","",Country_5!E8) -> Outreach | F407: =IF(Country_5!$C8="","",Country_5!F8) -> Country_5 | G407: =IF(Country_5!$C8="","",Country_5!G8) -> 45748 | H407: =IF(Country_5!$C8="","",Country_5!H8) -> 45838 | ... Q407: =IF(Country_5!$C8="","",Country_5!Q8) -> Completed as scheduled.
A408: =IF(Country_5!$C9="","",Country_5!A9) | B408: =IF(Country_5!$C9="","",Country_5!B9) | C408: =IF(Country_5!$C9="","",Country_5!C9) | D408: =IF(Country_5!$C9="","",Country_5!D9) | E408: =IF(Country_5!$C9="","",Country_5!E9) | F408: =IF(Country_5!$C9="","",Country_5!F9) | G408: =IF(Country_5!$C9="","",Country_5!G9) | H408: =IF(Country_5!$C9="","",Country_5!H9) | ... Q408: =IF(Country_5!$C9="","",Country_5!Q9)
A409: =IF(Country_5!$C10="","",Country_5!A10) | B409: =IF(Country_5!$C10="","",Country_5!B10) | C409: =IF(Country_5!$C10="","",Country_5!C10) | D409: =IF(Country_5!$C10="","",Country_5!D10) | E409: =IF(Country_5!$C10="","",Country_5!E10) | F409: =IF(Country_5!$C10="","",Country_5!F10) | G409: =IF(Country_5!$C10="","",Country_5!G10) | H409: =IF(Country_5!$C10="","",Country_5!H10) | ... Q409: =IF(Country_5!$C10="","",Country_5!Q10)
A410: =IF(Country_5!$C11="","",Country_5!A11) | B410: =IF(Country_5!$C11="","",Country_5!B11) | C410: =IF(Country_5!$C11="","",Country_5!C11) | D410: =IF(Country_5!$C11="","",Country_5!D11) | E410: =IF(Country_5!$C11="","",Country_5!E11) | F410: =IF(Country_5!$C11="","",Country_5!F11) | G410: =IF(Country_5!$C11="","",Country_5!G11) | H410: =IF(Country_5!$C11="","",Country_5!H11) | ... Q410: =IF(Country_5!$C11="","",Country_5!Q11)
A411: =IF(Country_5!$C12="","",Country_5!A12) | B411: =IF(Country_5!$C12="","",Country_5!B12) | C411: =IF(Country_5!$C12="","",Country_5!C12) | D411: =IF(Country_5!$C12="","",Country_5!D12) | E411: =IF(Country_5!$C12="","",Country_5!E12) | F411: =IF(Country_5!$C12="","",Country_5!F12) | G411: =IF(Country_5!$C12="","",Country_5!G12) | H411: =IF(Country_5!$C12="","",Country_5!H12) | ... Q411: =IF(Country_5!$C12="","",Country_5!Q12)
A412: =IF(Country_5!$C13="","",Country_5!A13) | B412: =IF(Country_5!$C13="","",Country_5!B13) | C412: =IF(Country_5!$C13="","",Country_5!C13) | D412: =IF(Country_5!$C13="","",Country_5!D13) | E412: =IF(Country_5!$C13="","",Country_5!E13) | F412: =IF(Country_5!$C13="","",Country_5!F13) | G412: =IF(Country_5!$C13="","",Country_5!G13) | H412: =IF(Country_5!$C13="","",Country_5!H13) | ... Q412: =IF(Country_5!$C13="","",Country_5!Q13)
A413: =IF(Country_5!$C14="","",Country_5!A14) | B413: =IF(Country_5!$C14="","",Country_5!B14) | C413: =IF(Country_5!$C14="","",Country_5!C14) | D413: =IF(Country_5!$C14="","",Country_5!D14) | E413: =IF(Country_5!$C14="","",Country_5!E14) | F413: =IF(Country_5!$C14="","",Country_5!F14) | G413: =IF(Country_5!$C14="","",Country_5!G14) | H413: =IF(Country_5!$C14="","",Country_5!H14) | ... Q413: =IF(Country_5!$C14="","",Country_5!Q14)
... A501: =IF(Country_5!$C102="","",Country_5!A102) | B501: =IF(Country_5!$C102="","",Country_5!B102) | C501: =IF(Country_5!$C102="","",Country_5!C102) | D501: =IF(Country_5!$C102="","",Country_5!D102) | E501: =IF(Country_5!$C102="","",Country_5!E102) | F501: =IF(Country_5!$C102="","",Country_5!F102) | G501: =IF(Country_5!$C102="","",Country_5!G102) | H501: =IF(Country_5!$C102="","",Country_5!H102) | ... Q501: =IF(Country_5!$C102="","",Country_5!Q102)
A502: =IF(Country_6!$C3="","",Country_6!A3) -> OI-102 | B502: =IF(Country_6!$C3="","",Country_6!B3) -> Community outreach events delivered | C502: =IF(Country_6!$C3="","",Country_6!C3) -> C6A001 | D502: =IF(Country_6!$C3="","",Country_6!D3) -> Community outreach campaign 1 | E502: =IF(Country_6!$C3="","",Country_6!E3) -> Outreach | F502: =IF(Country_6!$C3="","",Country_6!F3) -> Country_6 | G502: =IF(Country_6!$C3="","",Country_6!G3) -> 45839 | H502: =IF(Country_6!$C3="","",Country_6!H3) -> 45930 | ... Q502: =IF(Country_6!$C3="","",Country_6!Q3) -> Completed as scheduled.
A503: =IF(Country_6!$C4="","",Country_6!A4) -> OI-103 | B503: =IF(Country_6!$C4="","",Country_6!B4) -> Supportive supervision visits conducted | C503: =IF(Country_6!$C4="","",Country_6!C4) -> C6A002 | D503: =IF(Country_6!$C4="","",Country_6!D4) -> Supportive supervision visit 2 | E503: =IF(Country_6!$C4="","",Country_6!E4) -> Monitoring | F503: =IF(Country_6!$C4="","",Country_6!F4) -> Country_6 | G503: =IF(Country_6!$C4="","",Country_6!G4) -> 45931 | H503: =IF(Country_6!$C4="","",Country_6!H4) -> 46022 | ... Q503: =IF(Country_6!$C4="","",Country_6!Q4) -> Completed as scheduled.
A504: =IF(Country_6!$C5="","",Country_6!A5) -> OI-104 | B504: =IF(Country_6!$C5="","",Country_6!B5) -> Policy dialogues facilitated | C504: =IF(Country_6!$C5="","",Country_6!C5) -> C6A003 | D504: =IF(Country_6!$C5="","",Country_6!D5) -> Policy dialogue 3 | E504: =IF(Country_6!$C5="","",Country_6!E5) -> Advocacy | F504: =IF(Country_6!$C5="","",Country_6!F5) -> Country_6 | G504: =IF(Country_6!$C5="","",Country_6!G5) -> 46023 | H504: =IF(Country_6!$C5="","",Country_6!H5) -> 46112 | ... Q504: =IF(Country_6!$C5="","",Country_6!Q5) -> Final attendance reconciliation pending.
A505: =IF(Country_6!$C6="","",Country_6!A6) -> OI-101 | B505: =IF(Country_6!$C6="","",Country_6!B6) -> People trained in targeted skills | C505: =IF(Country_6!$C6="","",Country_6!C6) -> C6A004 | D505: =IF(Country_6!$C6="","",Country_6!D6) -> Training workshop 4 | E505: =IF(Country_6!$C6="","",Country_6!E6) -> Training | F505: =IF(Country_6!$C6="","",Country_6!F6) -> Country_6 | G505: =IF(Country_6!$C6="","",Country_6!G6) -> 46113 | H505: =IF(Country_6!$C6="","",Country_6!H6) -> 46203 | ... Q505: =IF(Country_6!$C6="","",Country_6!Q6) -> Final attendance reconciliation pending.
A506: =IF(Country_6!$C7="","",Country_6!A7) -> OI-102 | B506: =IF(Country_6!$C7="","",Country_6!B7) -> Community outreach events delivered | C506: =IF(Country_6!$C7="","",Country_6!C7) -> C6A005 | D506: =IF(Country_6!$C7="","",Country_6!D7) -> Community outreach campaign 5 | E506: =IF(Country_6!$C7="","",Country_6!E7) -> Outreach | F506: =IF(Country_6!$C7="","",Country_6!F7) -> Country_6 | G506: =IF(Country_6!$C7="","",Country_6!G7) -> 46204 | H506: =IF(Country_6!$C7="","",Country_6!H7) -> 46295 | ... Q506: =IF(Country_6!$C7="","",Country_6!Q7) -> Planned for a future quarter.
A507: =IF(Country_6!$C8="","",Country_6!A8) -> OI-103 | B507: =IF(Country_6!$C8="","",Country_6!B8) -> Supportive supervision visits conducted | C507: =IF(Country_6!$C8="","",Country_6!C8) -> C6A006 | D507: =IF(Country_6!$C8="","",Country_6!D8) -> Supportive supervision visit 6 | E507: =IF(Country_6!$C8="","",Country_6!E8) -> Monitoring | F507: =IF(Country_6!$C8="","",Country_6!F8) -> Country_6 | G507: =IF(Country_6!$C8="","",Country_6!G8) -> 46296 | H507: =IF(Country_6!$C8="","",Country_6!H8) -> 46387 | ... Q507: =IF(Country_6!$C8="","",Country_6!Q8) -> Planned for a future quarter.
A508: =IF(Country_6!$C9="","",Country_6!A9) | B508: =IF(Country_6!$C9="","",Country_6!B9) | C508: =IF(Country_6!$C9="","",Country_6!C9) | D508: =IF(Country_6!$C9="","",Country_6!D9) | E508: =IF(Country_6!$C9="","",Country_6!E9) | F508: =IF(Country_6!$C9="","",Country_6!F9) | G508: =IF(Country_6!$C9="","",Country_6!G9) | H508: =IF(Country_6!$C9="","",Country_6!H9) | ... Q508: =IF(Country_6!$C9="","",Country_6!Q9)
A509: =IF(Country_6!$C10="","",Country_6!A10) | B509: =IF(Country_6!$C10="","",Country_6!B10) | C509: =IF(Country_6!$C10="","",Country_6!C10) | D509: =IF(Country_6!$C10="","",Country_6!D10) | E509: =IF(Country_6!$C10="","",Country_6!E10) | F509: =IF(Country_6!$C10="","",Country_6!F10) | G509: =IF(Country_6!$C10="","",Country_6!G10) | H509: =IF(Country_6!$C10="","",Country_6!H10) | ... Q509: =IF(Country_6!$C10="","",Country_6!Q10)
A510: =IF(Country_6!$C11="","",Country_6!A11) | B510: =IF(Country_6!$C11="","",Country_6!B11) | C510: =IF(Country_6!$C11="","",Country_6!C11) | D510: =IF(Country_6!$C11="","",Country_6!D11) | E510: =IF(Country_6!$C11="","",Country_6!E11) | F510: =IF(Country_6!$C11="","",Country_6!F11) | G510: =IF(Country_6!$C11="","",Country_6!G11) | H510: =IF(Country_6!$C11="","",Country_6!H11) | ... Q510: =IF(Country_6!$C11="","",Country_6!Q11)
A511: =IF(Country_6!$C12="","",Country_6!A12) | B511: =IF(Country_6!$C12="","",Country_6!B12) | C511: =IF(Country_6!$C12="","",Country_6!C12) | D511: =IF(Country_6!$C12="","",Country_6!D12) | E511: =IF(Country_6!$C12="","",Country_6!E12) | F511: =IF(Country_6!$C12="","",Country_6!F12) | G511: =IF(Country_6!$C12="","",Country_6!G12) | H511: =IF(Country_6!$C12="","",Country_6!H12) | ... Q511: =IF(Country_6!$C12="","",Country_6!Q12)
A512: =IF(Country_6!$C13="","",Country_6!A13) | B512: =IF(Country_6!$C13="","",Country_6!B13) | C512: =IF(Country_6!$C13="","",Country_6!C13) | D512: =IF(Country_6!$C13="","",Country_6!D13) | E512: =IF(Country_6!$C13="","",Country_6!E13) | F512: =IF(Country_6!$C13="","",Country_6!F13) | G512: =IF(Country_6!$C13="","",Country_6!G13) | H512: =IF(Country_6!$C13="","",Country_6!H13) | ... Q512: =IF(Country_6!$C13="","",Country_6!Q13)
A513: =IF(Country_6!$C14="","",Country_6!A14) | B513: =IF(Country_6!$C14="","",Country_6!B14) | C513: =IF(Country_6!$C14="","",Country_6!C14) | D513: =IF(Country_6!$C14="","",Country_6!D14) | E513: =IF(Country_6!$C14="","",Country_6!E14) | F513: =IF(Country_6!$C14="","",Country_6!F14) | G513: =IF(Country_6!$C14="","",Country_6!G14) | H513: =IF(Country_6!$C14="","",Country_6!H14) | ... Q513: =IF(Country_6!$C14="","",Country_6!Q14)
... A601: =IF(Country_6!$C102="","",Country_6!A102) | B601: =IF(Country_6!$C102="","",Country_6!B102) | C601: =IF(Country_6!$C102="","",Country_6!C102) | D601: =IF(Country_6!$C102="","",Country_6!D102) | E601: =IF(Country_6!$C102="","",Country_6!E102) | F601: =IF(Country_6!$C102="","",Country_6!F102) | G601: =IF(Country_6!$C102="","",Country_6!G102) | H601: =IF(Country_6!$C102="","",Country_6!H102) | ... Q601: =IF(Country_6!$C102="","",Country_6!Q102)
A602: =IF(Country_7!$C3="","",Country_7!A3) -> OI-103 | B602: =IF(Country_7!$C3="","",Country_7!B3) -> Supportive supervision visits conducted | C602: =IF(Country_7!$C3="","",Country_7!C3) -> C7A001 | D602: =IF(Country_7!$C3="","",Country_7!D3) -> Supportive supervision visit 1 | E602: =IF(Country_7!$C3="","",Country_7!E3) -> Monitoring | F602: =IF(Country_7!$C3="","",Country_7!F3) -> Country_7 | G602: =IF(Country_7!$C3="","",Country_7!G3) -> 45292 | H602: =IF(Country_7!$C3="","",Country_7!H3) -> 45382 | ... Q602: =IF(Country_7!$C3="","",Country_7!Q3) -> Completed as scheduled.
A603: =IF(Country_7!$C4="","",Country_7!A4) -> OI-104 | B603: =IF(Country_7!$C4="","",Country_7!B4) -> Policy dialogues facilitated | C603: =IF(Country_7!$C4="","",Country_7!C4) -> C7A002 | D603: =IF(Country_7!$C4="","",Country_7!D4) -> Policy dialogue 2 | E603: =IF(Country_7!$C4="","",Country_7!E4) -> Advocacy | F603: =IF(Country_7!$C4="","",Country_7!F4) -> Country_7 | G603: =IF(Country_7!$C4="","",Country_7!G4) -> 45383 | H603: =IF(Country_7!$C4="","",Country_7!H4) -> 45473 | ... Q603: =IF(Country_7!$C4="","",Country_7!Q4) -> Completed as scheduled.
A604: =IF(Country_7!$C5="","",Country_7!A5) -> OI-101 | B604: =IF(Country_7!$C5="","",Country_7!B5) -> People trained in targeted skills | C604: =IF(Country_7!$C5="","",Country_7!C5) -> C7A003 | D604: =IF(Country_7!$C5="","",Country_7!D5) -> Training workshop 3 | E604: =IF(Country_7!$C5="","",Country_7!E5) -> Training | F604: =IF(Country_7!$C5="","",Country_7!F5) -> Country_7 | G604: =IF(Country_7!$C5="","",Country_7!G5) -> 45474 | H604: =IF(Country_7!$C5="","",Country_7!H5) -> 45565 | ... Q604: =IF(Country_7!$C5="","",Country_7!Q5) -> Final attendance reconciliation pending.
A605: =IF(Country_7!$C6="","",Country_7!A6) -> OI-102 | B605: =IF(Country_7!$C6="","",Country_7!B6) -> Community outreach events delivered | C605: =IF(Country_7!$C6="","",Country_7!C6) -> C7A004 | D605: =IF(Country_7!$C6="","",Country_7!D6) -> Community outreach campaign 4 | E605: =IF(Country_7!$C6="","",Country_7!E6) -> Outreach | F605: =IF(Country_7!$C6="","",Country_7!F6) -> Country_7 | G605: =IF(Country_7!$C6="","",Country_7!G6) -> 45566 | H605: =IF(Country_7!$C6="","",Country_7!H6) -> 45657 | ... Q605: =IF(Country_7!$C6="","",Country_7!Q6) -> Final attendance reconciliation pending.
A606: =IF(Country_7!$C7="","",Country_7!A7) -> OI-103 | B606: =IF(Country_7!$C7="","",Country_7!B7) -> Supportive supervision visits conducted | C606: =IF(Country_7!$C7="","",Country_7!C7) -> C7A005 | D606: =IF(Country_7!$C7="","",Country_7!D7) -> Supportive supervision visit 5 | E606: =IF(Country_7!$C7="","",Country_7!E7) -> Monitoring | F606: =IF(Country_7!$C7="","",Country_7!F7) -> Country_7 | G606: =IF(Country_7!$C7="","",Country_7!G7) -> 45658 | H606: =IF(Country_7!$C7="","",Country_7!H7) -> 45747 | ... Q606: =IF(Country_7!$C7="","",Country_7!Q7) -> Final attendance reconciliation pending.
A607: =IF(Country_7!$C8="","",Country_7!A8) -> OI-104 | B607: =IF(Country_7!$C8="","",Country_7!B8) -> Policy dialogues facilitated | C607: =IF(Country_7!$C8="","",Country_7!C8) -> C7A006 | D607: =IF(Country_7!$C8="","",Country_7!D8) -> Policy dialogue 6 | E607: =IF(Country_7!$C8="","",Country_7!E8) -> Advocacy | F607: =IF(Country_7!$C8="","",Country_7!F8) -> Country_7 | G607: =IF(Country_7!$C8="","",Country_7!G8) -> 45748 | H607: =IF(Country_7!$C8="","",Country_7!H8) -> 45838 | ... Q607: =IF(Country_7!$C8="","",Country_7!Q8) -> Completed as scheduled.
A608: =IF(Country_7!$C9="","",Country_7!A9) | B608: =IF(Country_7!$C9="","",Country_7!B9) | C608: =IF(Country_7!$C9="","",Country_7!C9) | D608: =IF(Country_7!$C9="","",Country_7!D9) | E608: =IF(Country_7!$C9="","",Country_7!E9) | F608: =IF(Country_7!$C9="","",Country_7!F9) | G608: =IF(Country_7!$C9="","",Country_7!G9) | H608: =IF(Country_7!$C9="","",Country_7!H9) | ... Q608: =IF(Country_7!$C9="","",Country_7!Q9)
A609: =IF(Country_7!$C10="","",Country_7!A10) | B609: =IF(Country_7!$C10="","",Country_7!B10) | C609: =IF(Country_7!$C10="","",Country_7!C10) | D609: =IF(Country_7!$C10="","",Country_7!D10) | E609: =IF(Country_7!$C10="","",Country_7!E10) | F609: =IF(Country_7!$C10="","",Country_7!F10) | G609: =IF(Country_7!$C10="","",Country_7!G10) | H609: =IF(Country_7!$C10="","",Country_7!H10) | ... Q609: =IF(Country_7!$C10="","",Country_7!Q10)
A610: =IF(Country_7!$C11="","",Country_7!A11) | B610: =IF(Country_7!$C11="","",Country_7!B11) | C610: =IF(Country_7!$C11="","",Country_7!C11) | D610: =IF(Country_7!$C11="","",Country_7!D11) | E610: =IF(Country_7!$C11="","",Country_7!E11) | F610: =IF(Country_7!$C11="","",Country_7!F11) | G610: =IF(Country_7!$C11="","",Country_7!G11) | H610: =IF(Country_7!$C11="","",Country_7!H11) | ... Q610: =IF(Country_7!$C11="","",Country_7!Q11)
A611: =IF(Country_7!$C12="","",Country_7!A12) | B611: =IF(Country_7!$C12="","",Country_7!B12) | C611: =IF(Country_7!$C12="","",Country_7!C12) | D611: =IF(Country_7!$C12="","",Country_7!D12) | E611: =IF(Country_7!$C12="","",Country_7!E12) | F611: =IF(Country_7!$C12="","",Country_7!F12) | G611: =IF(Country_7!$C12="","",Country_7!G12) | H611: =IF(Country_7!$C12="","",Country_7!H12) | ... Q611: =IF(Country_7!$C12="","",Country_7!Q12)
A612: =IF(Country_7!$C13="","",Country_7!A13) | B612: =IF(Country_7!$C13="","",Country_7!B13) | C612: =IF(Country_7!$C13="","",Country_7!C13) | D612: =IF(Country_7!$C13="","",Country_7!D13) | E612: =IF(Country_7!$C13="","",Country_7!E13) | F612: =IF(Country_7!$C13="","",Country_7!F13) | G612: =IF(Country_7!$C13="","",Country_7!G13) | H612: =IF(Country_7!$C13="","",Country_7!H13) | ... Q612: =IF(Country_7!$C13="","",Country_7!Q13)
A613: =IF(Country_7!$C14="","",Country_7!A14) | B613: =IF(Country_7!$C14="","",Country_7!B14) | C613: =IF(Country_7!$C14="","",Country_7!C14) | D613: =IF(Country_7!$C14="","",Country_7!D14) | E613: =IF(Country_7!$C14="","",Country_7!E14) | F613: =IF(Country_7!$C14="","",Country_7!F14) | G613: =IF(Country_7!$C14="","",Country_7!G14) | H613: =IF(Country_7!$C14="","",Country_7!H14) | ... Q613: =IF(Country_7!$C14="","",Country_7!Q14)
... A701: =IF(Country_7!$C102="","",Country_7!A102) | B701: =IF(Country_7!$C102="","",Country_7!B102) | C701: =IF(Country_7!$C102="","",Country_7!C102) | D701: =IF(Country_7!$C102="","",Country_7!D102) | E701: =IF(Country_7!$C102="","",Country_7!E102) | F701: =IF(Country_7!$C102="","",Country_7!F102) | G701: =IF(Country_7!$C102="","",Country_7!G102) | H701: =IF(Country_7!$C102="","",Country_7!H102) | ... Q701: =IF(Country_7!$C102="","",Country_7!Q102)
A702: =IF(Country_8!$C3="","",Country_8!A3) -> OI-104 | B702: =IF(Country_8!$C3="","",Country_8!B3) -> Policy dialogues facilitated | C702: =IF(Country_8!$C3="","",Country_8!C3) -> C8A001 | D702: =IF(Country_8!$C3="","",Country_8!D3) -> Policy dialogue 1 | E702: =IF(Country_8!$C3="","",Country_8!E3) -> Advocacy | F702: =IF(Country_8!$C3="","",Country_8!F3) -> Country_8 | G702: =IF(Country_8!$C3="","",Country_8!G3) -> 45839 | H702: =IF(Country_8!$C3="","",Country_8!H3) -> 45930 | ... Q702: =IF(Country_8!$C3="","",Country_8!Q3) -> Completed as scheduled.
A703: =IF(Country_8!$C4="","",Country_8!A4) -> OI-101 | B703: =IF(Country_8!$C4="","",Country_8!B4) -> People trained in targeted skills | C703: =IF(Country_8!$C4="","",Country_8!C4) -> C8A002 | D703: =IF(Country_8!$C4="","",Country_8!D4) -> Training workshop 2 | E703: =IF(Country_8!$C4="","",Country_8!E4) -> Training | F703: =IF(Country_8!$C4="","",Country_8!F4) -> Country_8 | G703: =IF(Country_8!$C4="","",Country_8!G4) -> 45931 | H703: =IF(Country_8!$C4="","",Country_8!H4) -> 46022 | ... Q703: =IF(Country_8!$C4="","",Country_8!Q4) -> Completed as scheduled.
A704: =IF(Country_8!$C5="","",Country_8!A5) -> OI-102 | B704: =IF(Country_8!$C5="","",Country_8!B5) -> Community outreach events delivered | C704: =IF(Country_8!$C5="","",Country_8!C5) -> C8A003 | D704: =IF(Country_8!$C5="","",Country_8!D5) -> Community outreach campaign 3 | E704: =IF(Country_8!$C5="","",Country_8!E5) -> Outreach | F704: =IF(Country_8!$C5="","",Country_8!F5) -> Country_8 | G704: =IF(Country_8!$C5="","",Country_8!G5) -> 46023 | H704: =IF(Country_8!$C5="","",Country_8!H5) -> 46112 | ... Q704: =IF(Country_8!$C5="","",Country_8!Q5) -> Completed as scheduled.
A705: =IF(Country_8!$C6="","",Country_8!A6) -> OI-103 | B705: =IF(Country_8!$C6="","",Country_8!B6) -> Supportive supervision visits conducted | C705: =IF(Country_8!$C6="","",Country_8!C6) -> C8A004 | D705: =IF(Country_8!$C6="","",Country_8!D6) -> Supportive supervision visit 4 | E705: =IF(Country_8!$C6="","",Country_8!E6) -> Monitoring | F705: =IF(Country_8!$C6="","",Country_8!F6) -> Country_8 | G705: =IF(Country_8!$C6="","",Country_8!G6) -> 46113 | H705: =IF(Country_8!$C6="","",Country_8!H6) -> 46203 | ... Q705: =IF(Country_8!$C6="","",Country_8!Q6) -> Final attendance reconciliation pending.
A706: =IF(Country_8!$C7="","",Country_8!A7) -> OI-104 | B706: =IF(Country_8!$C7="","",Country_8!B7) -> Policy dialogues facilitated | C706: =IF(Country_8!$C7="","",Country_8!C7) -> C8A005 | D706: =IF(Country_8!$C7="","",Country_8!D7) -> Policy dialogue 5 | E706: =IF(Country_8!$C7="","",Country_8!E7) -> Advocacy | F706: =IF(Country_8!$C7="","",Country_8!F7) -> Country_8 | G706: =IF(Country_8!$C7="","",Country_8!G7) -> 46204 | H706: =IF(Country_8!$C7="","",Country_8!H7) -> 46295 | ... Q706: =IF(Country_8!$C7="","",Country_8!Q7) -> Planned for a future quarter.
A707: =IF(Country_8!$C8="","",Country_8!A8) -> OI-101 | B707: =IF(Country_8!$C8="","",Country_8!B8) -> People trained in targeted skills | C707: =IF(Country_8!$C8="","",Country_8!C8) -> C8A006 | D707: =IF(Country_8!$C8="","",Country_8!D8) -> Training workshop 6 | E707: =IF(Country_8!$C8="","",Country_8!E8) -> Training | F707: =IF(Country_8!$C8="","",Country_8!F8) -> Country_8 | G707: =IF(Country_8!$C8="","",Country_8!G8) -> 46296 | H707: =IF(Country_8!$C8="","",Country_8!H8) -> 46387 | ... Q707: =IF(Country_8!$C8="","",Country_8!Q8) -> Planned for a future quarter.
A708: =IF(Country_8!$C9="","",Country_8!A9) | B708: =IF(Country_8!$C9="","",Country_8!B9) | C708: =IF(Country_8!$C9="","",Country_8!C9) | D708: =IF(Country_8!$C9="","",Country_8!D9) | E708: =IF(Country_8!$C9="","",Country_8!E9) | F708: =IF(Country_8!$C9="","",Country_8!F9) | G708: =IF(Country_8!$C9="","",Country_8!G9) | H708: =IF(Country_8!$C9="","",Country_8!H9) | ... Q708: =IF(Country_8!$C9="","",Country_8!Q9)
A709: =IF(Country_8!$C10="","",Country_8!A10) | B709: =IF(Country_8!$C10="","",Country_8!B10) | C709: =IF(Country_8!$C10="","",Country_8!C10) | D709: =IF(Country_8!$C10="","",Country_8!D10) | E709: =IF(Country_8!$C10="","",Country_8!E10) | F709: =IF(Country_8!$C10="","",Country_8!F10) | G709: =IF(Country_8!$C10="","",Country_8!G10) | H709: =IF(Country_8!$C10="","",Country_8!H10) | ... Q709: =IF(Country_8!$C10="","",Country_8!Q10)
...
