Workbook

Sheet Parameters
B1: THABAT PP – SAS BUSINESS CLINIC | CONTROL PARAMETERS
B2: Single control panel. Every threshold, capacity figure and date below feeds the rest of the workbook by formula. Yellow cells = fill these in. Change a number here and the whole system updates.
B4: PROJECT WINDOW
B5: Project name | C5: THABAT PP – SAS Business Clinic BDS
B6: Project start | C6: 46174 | D6: Inception. Jun–Oct 2026 window.
B7: Project end | C7: 46326 | D7: Final consultancy report due.
B8: Weeks in window | C8: =ROUND((C7-C6)/7,0) -> 22 | D8: Auto-calculated from start/end.
B9: Total SMEs (target) | C9: 80 | D9: Per TOR: 80+ grant-awarded SMEs.
B10: Number of Coaches | D10: DROP IN when confirmed. Drives the capacity model.
B11: Number of Community Enablers | D11: DROP IN when confirmed.
B13: EXCEPTION THRESHOLDS (the auto-RAG engine)
B14: Missed coaching touchpoints → AMBER | C14: 2 | D14: 2 consecutive misses = amber + coach recovery action.
B15: Missed coaching touchpoints → RED | C15: 3 | D15: Escalation territory.
B16: Stage at % of duration cap → AMBER | C16: 0.8 | D16: At 80% of allowed time, warn.
B17: Stage over duration cap → RED | C17: 1 | D17: Over cap = red, weekly-review item.
B18: Grant utilisation floor | C18: 0.5 | D18: Below this at checkpoint = escalate to PD.
B19: Grant utilisation checkpoint date | C19: 46265 | D19: Mid-window burn-rate check.
B20: Documentation completeness target | C20: 0.8 | D20: Below this flags amber on the SME.
B22: CAPACITY ASSUMPTIONS (per person, per week)
B23: Diagnostics per Coach / week | C23: 3
B24: BDPs per Coach / week | C24: 2
B25: Coaching sessions per Coach / week | C25: 10
B26: Field visits per Enabler / week | C26: 8
B28: SERVICE VOLUME (required per SME, full cycle)
B29: Diagnostics per SME | C29: 1
B30: BDPs per SME | C30: 1
B31: Coaching sessions per SME | C31: 12 | D31: Weekly-ish over the cycle.
B32: Field visits per SME | C32: 4
B34: REGISTRY VIEW MODE
B35: Show columns (Grant / Delivery / Both) | C35: Both | D35: Use the +/- outline buttons above the Registry columns to collapse the Delivery, Doc, or Grant blocks. This cell records intent.

Sheet Stage-Gate Definitions
A1: STAGE-GATE DEFINITIONS — "done" is non-negotiable. A stage exits ONLY when every exit criterion is met.
A2: Stage | B2: Seq | C2: Entry Criteria | D2: Exit Criteria | E2: Expected Duration (days) | F2: Required Evidence | G2: Responsible Owner | H2: Output Document
A3: Not Started | B3: 0 | C3: SME confirmed on grant list; assigned to a Coach. | D3: Diagnostic scheduled in the calendar. | F3: Assignment recorded in Registry. | G3: Operations & Portfolio Mgr | H3: Registry entry
A4: Diagnostic | B4: 1 | C4: SME assigned; diagnostic session booked. | D4: Diagnostic completed, written up, filed, and linked to the SME record. | E4: 14 | F4: Completed diagnostic report; attendance note. | G4: Business Dev. Coach | H4: Diagnostic Report
A5: Business Development Plan | B5: 2 | C5: Diagnostic filed and signed off. | D5: BDP APPROVED, filed, linked to SME record, AND coaching plan set. A draft is NOT an exit. | E5: 21 | F5: Signed/approved BDP; baseline captured. | G5: Business Dev. Coach | H5: Approved BDP
A6: Coaching | B6: 3 | C6: Approved BDP with coaching plan in place. | D6: Agreed coaching sessions delivered to cadence; coaching notes filed each session. | E6: 70 | F6: Coaching notes per session; attendance log. | G6: Business Dev. Coach | H6: Coaching Notes
A7: Field Follow-up | B7: 4 | C7: Coaching cycle substantially delivered. | D7: Field visit(s) completed, field notes filed, SME action items verified on-site. | E7: 21 | F7: Field visit notes; verification checklist. | G7: Community Enabler | H7: Field Visit Record
A8: Complete | B8: 5 | C8: All prior gates passed; SME file complete. | D8: All deliverables filed, compliance records complete, file audit-ready. | F8: Full SME case file; sign-offs. | G8: Operations & Portfolio Mgr | H8: Closed SME Case File

Sheet Governance & Exceptions
A1: GOVERNANCE — DECISION RIGHTS & THE EXCEPTION ENGINE
A2: You coordinate; you do not command. This separates what you DECIDE, what you RECOMMEND, and what you ESCALATE — so the system never stalls when a Coach resists.
A3: 1 · DECISION RIGHTS MATRIX
A4: Action / Situation | B4: You DECIDE | C4: You RECOMMEND | D4: ESCALATE to PD | E4: Rule
A5: Schedule a session within a Coach's agreed capacity band | B5: ✔ | E5: Yours to make, log it.
A6: Re-slot a session inside the same state | B6: ✔ | E6: Within capacity bands = your call.
A7: Rebalance caseload across Coaches in the SAME state | C7: ✔ | E7: Recommend; PD confirms.
A8: Cross-STATE reallocation of SMEs or Coaches | D8: ✔ | E8: Requires PD approval.
A9: Reset a stage deadline for one SME (minor slip) | B9: ✔ | E9: Inside tolerance, your call.
A10: Reset milestones affecting the donor timeline | D10: ✔ | E10: PD owns donor-facing dates.
A11: Repeated Coach non-adherence (after recovery action) | D11: ✔ | E11: Formal escalation, documented.
A12: Grant-utilisation below floor at checkpoint | C12: ✔ | D12: ✔ | E12: Recommend intervention + escalate.
A13: Standard corrective action at SME level | C13: ✔ | E13: With Coach/Enabler; PD informed.
A14: Engaging Mercy Corps technical counterparts | D14: ✔ | E14: Only as PD delegates.
A16: 2 · EXCEPTION RULES (trigger → status → required response)
A17: Trigger | B17: Threshold (from Parameters) | C17: Auto-status | D17: Required response | E17: Decision right
A18: Missed consecutive coaching touchpoints | B18: ≥ amber threshold | C18: AMBER | D18: Coach logs recovery action within the week. | E18: Recommend
A19: Missed consecutive coaching touchpoints | B19: ≥ red threshold | C19: RED | D19: Weekly-review item; PD notified. | E19: Escalate
A20: Stage time elapsed vs duration cap | B20: ≥ amber % of cap | C20: AMBER | D20: Flag in weekly review; chase owner. | E20: Decide
A21: Stage time elapsed vs duration cap | B21: over cap | C21: RED | D21: Mandatory weekly-review discussion + corrective action. | E21: Escalate
A22: Grant utilisation at checkpoint date | B22: < floor % | C22: RED | D22: Escalate to PD with a proposed intervention. | E22: Escalate
A23: Documentation completeness on an SME | B23: < target % | C23: AMBER | D23: Chase missing evidence before month-end report. | E23: Decide
A24: Compliance status = At Risk | B24: manual flag | C24: RED | D24: Immediate escalation; freeze stage progression. | E24: Escalate

Sheet Master SME Registry
A1: IDENTITY & ASSIGNMENT (static) | G1: DELIVERY / STAGE (dynamic) | S1: DOCUMENTATION | Z1: GRANT / COMPLIANCE | AF1: CONTROL
A2: SME ID | B2: SME Name | C2: State | D2: Sector | E2: Assigned Coach | F2: Assigned Enabler | G2: Current Stage | H2: Stage Entry Date | I2: Expected Dur. (days) | J2: Days in Stage | K2: Stage Overdue? | L2: Last Coaching Date | M2: Missed Touchpoints | N2: Last Field Visit | O2: Next Action | P2: Next Due Date | Q2: Dependency | R2: Last Update | S2: Diagnostic Filed | T2: BDP Filed | U2: Coaching Notes Filed | V2: Field Notes Filed | W2: Compliance Recs Filed | X2: Approvals Filed | Y2: Doc Completeness % | Z2: Grant Value ($) | AA2: Grant Award Date | AB2: Grant Spent ($) | AC2: Grant Utilisation % | AD2: Utilisation Flag | AE2: Compliance Status | AF2: RAG STATUS | AG2: Open Risks
A3: SME-001 | B3: Kassala Grain Processing Co-op | C3: Kassala | D3: Processing | E3: Coach A | F3: Enabler 1 | G3: Coaching | H3: 46188 | I3: =IFERROR(VLOOKUP(G3,'Stage-Gate Definitions'!$A$3:$E$8,5,0),"") -> 70 | J3: =IF(OR(H3="",G3="Complete",G3=""),"",TODAY()-H3) -> -7 | K3: =IF(OR(J3="",I3=""),"",IF(J3>I3,"YES","")) | L3: 46213 | M3: 2 | N3: 46235 | O3: Resolve packaging supplier | P3: 46246 | Q3: Awaiting equipment quote | R3: 46239 | S3: Y | T3: Y | U3: Y | V3: N | W3: Y | X3: N | Y3: =IF(COUNTA(S3:X3)=0,"",COUNTIF(S3:X3,"Y")/6) -> 0.66666667 | Z3: 12000 | AA3: 46162 | AB3: 5200 | AC3: =IF(OR(Z3="",Z3=0),"",AB3/Z3) -> 0.43333333 | AD3: =IF(AC3="","",IF(AND(TODAY()>=Parameters!$C$19,AC3<Parameters!$C$18),"BELOW FLOOR","")) | AE3: OK | AF3: =IF(G3="","",IF(OR(K3="YES",N(M3)>=Parameters!$C$15,AD3="BELOW FLOOR",AE3="At Risk"),"RED",IF(OR(N(M3)>=Parameters!$C$14,AND(J3<>"",I3<>"",J3>=I3*Parameters!$C$16),AND(Y3<>"",Y3<Parameters!$C$20),AE3="Gap"),"AMBER","GREEN"))) -> AMBER | AG3: =COUNTIFS('Risk & Issues Register'!$B$3:$B$200,A3,'Risk & Issues Register'!$N$3:$N$200,"<>Closed") -> 0
A4: SME-002 | B4: River Nile Cold Storage Ltd | C4: River Nile | D4: Storage | E4: Coach B | F4: Enabler 2 | G4: Business Development Plan | H4: 46204 | I4: =IFERROR(VLOOKUP(G4,'Stage-Gate Definitions'!$A$3:$E$8,5,0),"") -> 21 | J4: =IF(OR(H4="",G4="Complete",G4=""),"",TODAY()-H4) -> -23 | K4: =IF(OR(J4="",I4=""),"",IF(J4>I4,"YES","")) | M4: 0 | O4: Finalise approved BDP | P4: 46244 | Q4: Diagnostic sign-off pending | R4: 46238 | S4: Y | T4: N | U4: N | V4: N | W4: N | X4: N | Y4: =IF(COUNTA(S4:X4)=0,"",COUNTIF(S4:X4,"Y")/6) -> 0.16666667 | Z4: 18000 | AA4: 46164 | AB4: 1500 | AC4: =IF(OR(Z4="",Z4=0),"",AB4/Z4) -> 0.083333333 | AD4: =IF(AC4="","",IF(AND(TODAY()>=Parameters!$C$19,AC4<Parameters!$C$18),"BELOW FLOOR","")) | AE4: Gap | AF4: =IF(G4="","",IF(OR(K4="YES",N(M4)>=Parameters!$C$15,AD4="BELOW FLOOR",AE4="At Risk"),"RED",IF(OR(N(M4)>=Parameters!$C$14,AND(J4<>"",I4<>"",J4>=I4*Parameters!$C$16),AND(Y4<>"",Y4<Parameters!$C$20),AE4="Gap"),"AMBER","GREEN"))) -> AMBER | AG4: =COUNTIFS('Risk & Issues Register'!$B$3:$B$200,A4,'Risk & Issues Register'!$N$3:$N$200,"<>Closed") -> 1
A5: SME-003 | B5: Atbara Transport Collective | C5: River Nile | D5: Transportation | E5: Coach A | F5: Enabler 2 | G5: Diagnostic | H5: 46223 | I5: =IFERROR(VLOOKUP(G5,'Stage-Gate Definitions'!$A$3:$E$8,5,0),"") -> 14 | J5: =IF(OR(H5="",G5="Complete",G5=""),"",TODAY()-H5) -> -42 | K5: =IF(OR(J5="",I5=""),"",IF(J5>I5,"YES","")) | O5: Complete diagnostic write-up | P5: 46242 | R5: 46237 | S5: N | T5: N | U5: N | V5: N | W5: N | X5: N | Y5: =IF(COUNTA(S5:X5)=0,"",COUNTIF(S5:X5,"Y")/6) -> 0 | Z5: 9000 | AA5: 46167 | AB5: 0 | AC5: =IF(OR(Z5="",Z5=0),"",AB5/Z5) -> 0 | AD5: =IF(AC5="","",IF(AND(TODAY()>=Parameters!$C$19,AC5<Parameters!$C$18),"BELOW FLOOR","")) | AE5: OK | AF5: =IF(G5="","",IF(OR(K5="YES",N(M5)>=Parameters!$C$15,AD5="BELOW FLOOR",AE5="At Risk"),"RED",IF(OR(N(M5)>=Parameters!$C$14,AND(J5<>"",I5<>"",J5>=I5*Parameters!$C$16),AND(Y5<>"",Y5<Parameters!$C$20),AE5="Gap"),"AMBER","GREEN"))) -> AMBER | AG5: =COUNTIFS('Risk & Issues Register'!$B$3:$B$200,A5,'Risk & Issues Register'!$N$3:$N$200,"<>Closed") -> 0
A6: SME-004 | B6: Dongola Date Packaging | C6: Northern | D6: Packaging | E6: Coach C | F6: Enabler 3 | G6: Coaching | H6: 46183 | I6: =IFERROR(VLOOKUP(G6,'Stage-Gate Definitions'!$A$3:$E$8,5,0),"") -> 70 | J6: =IF(OR(H6="",G6="Complete",G6=""),"",TODAY()-H6) -> -2 | K6: =IF(OR(J6="",I6=""),"",IF(J6>I6,"YES","")) | L6: 46201 | M6: 4 | N6: 46225 | O6: Recover missed sessions | P6: 46243 | Q6: Coach availability | R6: 46239 | S6: Y | T6: Y | U6: N | V6: N | W6: N | X6: N | Y6: =IF(COUNTA(S6:X6)=0,"",COUNTIF(S6:X6,"Y")/6) -> 0.33333333 | Z6: 15000 | AA6: 46160 | AB6: 11000 | AC6: =IF(OR(Z6="",Z6=0),"",AB6/Z6) -> 0.73333333 | AD6: =IF(AC6="","",IF(AND(TODAY()>=Parameters!$C$19,AC6<Parameters!$C$18),"BELOW FLOOR","")) | AE6: At Risk | AF6: =IF(G6="","",IF(OR(K6="YES",N(M6)>=Parameters!$C$15,AD6="BELOW FLOOR",AE6="At Risk"),"RED",IF(OR(N(M6)>=Parameters!$C$14,AND(J6<>"",I6<>"",J6>=I6*Parameters!$C$16),AND(Y6<>"",Y6<Parameters!$C$20),AE6="Gap"),"AMBER","GREEN"))) -> RED | AG6: =COUNTIFS('Risk & Issues Register'!$B$3:$B$200,A6,'Risk & Issues Register'!$N$3:$N$200,"<>Closed") -> 1
A7: SME-005 | B7: Halfa Agri-Processing | C7: Northern | D7: Processing | E7: Coach C | F7: Enabler 3 | G7: Field Follow-up | H7: 46228 | I7: =IFERROR(VLOOKUP(G7,'Stage-Gate Definitions'!$A$3:$E$8,5,0),"") -> 21 | J7: =IF(OR(H7="",G7="Complete",G7=""),"",TODAY()-H7) -> -47 | K7: =IF(OR(J7="",I7=""),"",IF(J7>I7,"YES","")) | L7: 46233 | M7: 1 | N7: 46236 | O7: Verify on-site action items | P7: 46248 | R7: 46240 | S7: Y | T7: Y | U7: Y | V7: Y | W7: Y | X7: Y | Y7: =IF(COUNTA(S7:X7)=0,"",COUNTIF(S7:X7,"Y")/6) -> 1 | Z7: 11000 | AA7: 46162 | AB7: 9800 | AC7: =IF(OR(Z7="",Z7=0),"",AB7/Z7) -> 0.89090909 | AD7: =IF(AC7="","",IF(AND(TODAY()>=Parameters!$C$19,AC7<Parameters!$C$18),"BELOW FLOOR","")) | AE7: OK | AF7: =IF(G7="","",IF(OR(K7="YES",N(M7)>=Parameters!$C$15,AD7="BELOW FLOOR",AE7="At Risk"),"RED",IF(OR(N(M7)>=Parameters!$C$14,AND(J7<>"",I7<>"",J7>=I7*Parameters!$C$16),AND(Y7<>"",Y7<Parameters!$C$20),AE7="Gap"),"AMBER","GREEN"))) -> GREEN | AG7: =COUNTIFS('Risk & Issues Register'!$B$3:$B$200,A7,'Risk & Issues Register'!$N$3:$N$200,"<>Closed") -> 0
A8: SME-006 | B8: Port Sudan Storage Hub | C8: Kassala | D8: Storage | E8: Coach B | F8: Enabler 1 | G8: Complete | I8: =IFERROR(VLOOKUP(G8,'Stage-Gate Definitions'!$A$3:$E$8,5,0),"") -> 0 | J8: =IF(OR(H8="",G8="Complete",G8=""),"",TODAY()-H8) | K8: =IF(OR(J8="",I8=""),"",IF(J8>I8,"YES","")) | L8: 46221 | N8: 46223 | O8: Closed - filed | P8: 46234 | R8: 46234 | S8: Y | T8: Y | U8: Y | V8: Y | W8: Y | X8: Y | Y8: =IF(COUNTA(S8:X8)=0,"",COUNTIF(S8:X8,"Y")/6) -> 1 | Z8: 20000 | AA8: 46157 | AB8: 19500 | AC8: =IF(OR(Z8="",Z8=0),"",AB8/Z8) -> 0.975 | AD8: =IF(AC8="","",IF(AND(TODAY()>=Parameters!$C$19,AC8<Parameters!$C$18),"BELOW FLOOR","")) | AE8: OK | AF8: =IF(G8="","",IF(OR(K8="YES",N(M8)>=Parameters!$C$15,AD8="BELOW FLOOR",AE8="At Risk"),"RED",IF(OR(N(M8)>=Parameters!$C$14,AND(J8<>"",I8<>"",J8>=I8*Parameters!$C$16),AND(Y8<>"",Y8<Parameters!$C$20),AE8="Gap"),"AMBER","GREEN"))) -> GREEN | AG8: =COUNTIFS('Risk & Issues Register'!$B$3:$B$200,A8,'Risk & Issues Register'!$N$3:$N$200,"<>Closed") -> 0
A9: SME-007 | B9: Kassala Sesame Cleaners | C9: Kassala | D9: Processing | E9: Coach A | F9: Enabler 1 | G9: Coaching | H9: 46193 | I9: =IFERROR(VLOOKUP(G9,'Stage-Gate Definitions'!$A$3:$E$8,5,0),"") -> 70 | J9: =IF(OR(H9="",G9="Complete",G9=""),"",TODAY()-H9) -> -12 | K9: =IF(OR(J9="",I9=""),"",IF(J9>I9,"YES","")) | L9: 46208 | M9: 3 | N9: 46232 | O9: Escalate cadence breach | P9: 46245 | Q9: Security access | R9: 46238 | S9: Y | T9: Y | U9: N | V9: N | W9: N | X9: N | Y9: =IF(COUNTA(S9:X9)=0,"",COUNTIF(S9:X9,"Y")/6) -> 0.33333333 | Z9: 13500 | AA9: 46163 | AB9: 3000 | AC9: =IF(OR(Z9="",Z9=0),"",AB9/Z9) -> 0.22222222 | AD9: =IF(AC9="","",IF(AND(TODAY()>=Parameters!$C$19,AC9<Parameters!$C$18),"BELOW FLOOR","")) | AE9: OK | AF9: =IF(G9="","",IF(OR(K9="YES",N(M9)>=Parameters!$C$15,AD9="BELOW FLOOR",AE9="At Risk"),"RED",IF(OR(N(M9)>=Parameters!$C$14,AND(J9<>"",I9<>"",J9>=I9*Parameters!$C$16),AND(Y9<>"",Y9<Parameters!$C$20),AE9="Gap"),"AMBER","GREEN"))) -> RED | AG9: =COUNTIFS('Risk & Issues Register'!$B$3:$B$200,A9,'Risk & Issues Register'!$N$3:$N$200,"<>Closed") -> 1
A10: SME-008 | B10: Shendi Packaging SME | C10: River Nile | D10: Packaging | E10: Coach B | F10: Enabler 2 | G10: Diagnostic | H10: 46231 | I10: =IFERROR(VLOOKUP(G10,'Stage-Gate Definitions'!$A$3:$E$8,5,0),"") -> 14 | J10: =IF(OR(H10="",G10="Complete",G10=""),"",TODAY()-H10) -> -50 | K10: =IF(OR(J10="",I10=""),"",IF(J10>I10,"YES","")) | M10: 0 | O10: Book diagnostic session | P10: 46249 | R10: 46239 | S10: N | T10: N | U10: N | V10: N | W10: N | X10: N | Y10: =IF(COUNTA(S10:X10)=0,"",COUNTIF(S10:X10,"Y")/6) -> 0 | Z10: 8500 | AA10: 46168 | AB10: 0 | AC10: =IF(OR(Z10="",Z10=0),"",AB10/Z10) -> 0 | AD10: =IF(AC10="","",IF(AND(TODAY()>=Parameters!$C$19,AC10<Parameters!$C$18),"BELOW FLOOR","")) | AE10: OK | AF10: =IF(G10="","",IF(OR(K10="YES",N(M10)>=Parameters!$C$15,AD10="BELOW FLOOR",AE10="At Risk"),"RED",IF(OR(N(M10)>=Parameters!$C$14,AND(J10<>"",I10<>"",J10>=I10*Parameters!$C$16),AND(Y10<>"",Y10<Parameters!$C$20),AE10="Gap"),"AMBER","GREEN"))) -> AMBER | AG10: =COUNTIFS('Risk & Issues Register'!$B$3:$B$200,A10,'Risk & Issues Register'!$N$3:$N$200,"<>Closed") -> 0
A11: SME-009 | I11: =IFERROR(VLOOKUP(G11,'Stage-Gate Definitions'!$A$3:$E$8,5,0),"") | J11: =IF(OR(H11="",G11="Complete",G11=""),"",TODAY()-H11) | K11: =IF(OR(J11="",I11=""),"",IF(J11>I11,"YES","")) | Y11: =IF(COUNTA(S11:X11)=0,"",COUNTIF(S11:X11,"Y")/6) | AC11: =IF(OR(Z11="",Z11=0),"",AB11/Z11) | AD11: =IF(AC11="","",IF(AND(TODAY()>=Parameters!$C$19,AC11<Parameters!$C$18),"BELOW FLOOR","")) | AF11: =IF(G11="","",IF(OR(K11="YES",N(M11)>=Parameters!$C$15,AD11="BELOW FLOOR",AE11="At Risk"),"RED",IF(OR(N(M11)>=Parameters!$C$14,AND(J11<>"",I11<>"",J11>=I11*Parameters!$C$16),AND(Y11<>"",Y11<Parameters!$C$20),AE11="Gap"),"AMBER","GREEN"))) | AG11: =COUNTIFS('Risk & Issues Register'!$B$3:$B$200,A11,'Risk & Issues Register'!$N$3:$N$200,"<>Closed") -> 0
A12: SME-010 | I12: =IFERROR(VLOOKUP(G12,'Stage-Gate Definitions'!$A$3:$E$8,5,0),"") | J12: =IF(OR(H12="",G12="Complete",G12=""),"",TODAY()-H12) | K12: =IF(OR(J12="",I12=""),"",IF(J12>I12,"YES","")) | Y12: =IF(COUNTA(S12:X12)=0,"",COUNTIF(S12:X12,"Y")/6) | AC12: =IF(OR(Z12="",Z12=0),"",AB12/Z12) | AD12: =IF(AC12="","",IF(AND(TODAY()>=Parameters!$C$19,AC12<Parameters!$C$18),"BELOW FLOOR","")) | AF12: =IF(G12="","",IF(OR(K12="YES",N(M12)>=Parameters!$C$15,AD12="BELOW FLOOR",AE12="At Risk"),"RED",IF(OR(N(M12)>=Parameters!$C$14,AND(J12<>"",I12<>"",J12>=I12*Parameters!$C$16),AND(Y12<>"",Y12<Parameters!$C$20),AE12="Gap"),"AMBER","GREEN"))) | AG12: =COUNTIFS('Risk & Issues Register'!$B$3:$B$200,A12,'Risk & Issues Register'!$N$3:$N$200,"<>Closed") -> 0
A13: SME-011 | I13: =IFERROR(VLOOKUP(G13,'Stage-Gate Definitions'!$A$3:$E$8,5,0),"") | J13: =IF(OR(H13="",G13="Complete",G13=""),"",TODAY()-H13) | K13: =IF(OR(J13="",I13=""),"",IF(J13>I13,"YES","")) | Y13: =IF(COUNTA(S13:X13)=0,"",COUNTIF(S13:X13,"Y")/6) | AC13: =IF(OR(Z13="",Z13=0),"",AB13/Z13) | AD13: =IF(AC13="","",IF(AND(TODAY()>=Parameters!$C$19,AC13<Parameters!$C$18),"BELOW FLOOR","")) | AF13: =IF(G13="","",IF(OR(K13="YES",N(M13)>=Parameters!$C$15,AD13="BELOW FLOOR",AE13="At Risk"),"RED",IF(OR(N(M13)>=Parameters!$C$14,AND(J13<>"",I13<>"",J13>=I13*Parameters!$C$16),AND(Y13<>"",Y13<Parameters!$C$20),AE13="Gap"),"AMBER","GREEN"))) | AG13: =COUNTIFS('Risk & Issues Register'!$B$3:$B$200,A13,'Risk & Issues Register'!$N$3:$N$200,"<>Closed") -> 0
A14: SME-012 | I14: =IFERROR(VLOOKUP(G14,'Stage-Gate Definitions'!$A$3:$E$8,5,0),"") | J14: =IF(OR(H14="",G14="Complete",G14=""),"",TODAY()-H14) | K14: =IF(OR(J14="",I14=""),"",IF(J14>I14,"YES","")) | Y14: =IF(COUNTA(S14:X14)=0,"",COUNTIF(S14:X14,"Y")/6) | AC14: =IF(OR(Z14="",Z14=0),"",AB14/Z14) | AD14: =IF(AC14="","",IF(AND(TODAY()>=Parameters!$C$19,AC14<Parameters!$C$18),"BELOW FLOOR","")) | AF14: =IF(G14="","",IF(OR(K14="YES",N(M14)>=Parameters!$C$15,AD14="BELOW FLOOR",AE14="At Risk"),"RED",IF(OR(N(M14)>=Parameters!$C$14,AND(J14<>"",I14<>"",J14>=I14*Parameters!$C$16),AND(Y14<>"",Y14<Parameters!$C$20),AE14="Gap"),"AMBER","GREEN"))) | AG14: =COUNTIFS('Risk & Issues Register'!$B$3:$B$200,A14,'Risk & Issues Register'!$N$3:$N$200,"<>Closed") -> 0
A15: SME-013 | I15: =IFERROR(VLOOKUP(G15,'Stage-Gate Definitions'!$A$3:$E$8,5,0),"") | J15: =IF(OR(H15="",G15="Complete",G15=""),"",TODAY()-H15) | K15: =IF(OR(J15="",I15=""),"",IF(J15>I15,"YES","")) | Y15: =IF(COUNTA(S15:X15)=0,"",COUNTIF(S15:X15,"Y")/6) | AC15: =IF(OR(Z15="",Z15=0),"",AB15/Z15) | AD15: =IF(AC15="","",IF(AND(TODAY()>=Parameters!$C$19,AC15<Parameters!$C$18),"BELOW FLOOR","")) | AF15: =IF(G15="","",IF(OR(K15="YES",N(M15)>=Parameters!$C$15,AD15="BELOW FLOOR",AE15="At Risk"),"RED",IF(OR(N(M15)>=Parameters!$C$14,AND(J15<>"",I15<>"",J15>=I15*Parameters!$C$16),AND(Y15<>"",Y15<Parameters!$C$20),AE15="Gap"),"AMBER","GREEN"))) | AG15: =COUNTIFS('Risk & Issues Register'!$B$3:$B$200,A15,'Risk & Issues Register'!$N$3:$N$200,"<>Closed") -> 0
A16: SME-014 | I16: =IFERROR(VLOOKUP(G16,'Stage-Gate Definitions'!$A$3:$E$8,5,0),"") | J16: =IF(OR(H16="",G16="Complete",G16=""),"",TODAY()-H16) | K16: =IF(OR(J16="",I16=""),"",IF(J16>I16,"YES","")) | Y16: =IF(COUNTA(S16:X16)=0,"",COUNTIF(S16:X16,"Y")/6) | AC16: =IF(OR(Z16="",Z16=0),"",AB16/Z16) | AD16: =IF(AC16="","",IF(AND(TODAY()>=Parameters!$C$19,AC16<Parameters!$C$18),"BELOW FLOOR","")) | AF16: =IF(G16="","",IF(OR(K16="YES",N(M16)>=Parameters!$C$15,AD16="BELOW FLOOR",AE16="At Risk"),"RED",IF(OR(N(M16)>=Parameters!$C$14,AND(J16<>"",I16<>"",J16>=I16*Parameters!$C$16),AND(Y16<>"",Y16<Parameters!$C$20),AE16="Gap"),"AMBER","GREEN"))) | AG16: =COUNTIFS('Risk & Issues Register'!$B$3:$B$200,A16,'Risk & Issues Register'!$N$3:$N$200,"<>Closed") -> 0
A17: SME-015 | I17: =IFERROR(VLOOKUP(G17,'Stage-Gate Definitions'!$A$3:$E$8,5,0),"") | J17: =IF(OR(H17="",G17="Complete",G17=""),"",TODAY()-H17) | K17: =IF(OR(J17="",I17=""),"",IF(J17>I17,"YES","")) | Y17: =IF(COUNTA(S17:X17)=0,"",COUNTIF(S17:X17,"Y")/6) | AC17: =IF(OR(Z17="",Z17=0),"",AB17/Z17) | AD17: =IF(AC17="","",IF(AND(TODAY()>=Parameters!$C$19,AC17<Parameters!$C$18),"BELOW FLOOR","")) | AF17: =IF(G17="","",IF(OR(K17="YES",N(M17)>=Parameters!$C$15,AD17="BELOW FLOOR",AE17="At Risk"),"RED",IF(OR(N(M17)>=Parameters!$C$14,AND(J17<>"",I17<>"",J17>=I17*Parameters!$C$16),AND(Y17<>"",Y17<Parameters!$C$20),AE17="Gap"),"AMBER","GREEN"))) | AG17: =COUNTIFS('Risk & Issues Register'!$B$3:$B$200,A17,'Risk & Issues Register'!$N$3:$N$200,"<>Closed") -> 0
A18: SME-016 | I18: =IFERROR(VLOOKUP(G18,'Stage-Gate Definitions'!$A$3:$E$8,5,0),"") | J18: =IF(OR(H18="",G18="Complete",G18=""),"",TODAY()-H18) | K18: =IF(OR(J18="",I18=""),"",IF(J18>I18,"YES","")) | Y18: =IF(COUNTA(S18:X18)=0,"",COUNTIF(S18:X18,"Y")/6) | AC18: =IF(OR(Z18="",Z18=0),"",AB18/Z18) | AD18: =IF(AC18="","",IF(AND(TODAY()>=Parameters!$C$19,AC18<Parameters!$C$18),"BELOW FLOOR","")) | AF18: =IF(G18="","",IF(OR(K18="YES",N(M18)>=Parameters!$C$15,AD18="BELOW FLOOR",AE18="At Risk"),"RED",IF(OR(N(M18)>=Parameters!$C$14,AND(J18<>"",I18<>"",J18>=I18*Parameters!$C$16),AND(Y18<>"",Y18<Parameters!$C$20),AE18="Gap"),"AMBER","GREEN"))) | AG18: =COUNTIFS('Risk & Issues Register'!$B$3:$B$200,A18,'Risk & Issues Register'!$N$3:$N$200,"<>Closed") -> 0
A19: SME-017 | I19: =IFERROR(VLOOKUP(G19,'Stage-Gate Definitions'!$A$3:$E$8,5,0),"") | J19: =IF(OR(H19="",G19="Complete",G19=""),"",TODAY()-H19) | K19: =IF(OR(J19="",I19=""),"",IF(J19>I19,"YES","")) | Y19: =IF(COUNTA(S19:X19)=0,"",COUNTIF(S19:X19,"Y")/6) | AC19: =IF(OR(Z19="",Z19=0),"",AB19/Z19) | AD19: =IF(AC19="","",IF(AND(TODAY()>=Parameters!$C$19,AC19<Parameters!$C$18),"BELOW FLOOR","")) | AF19: =IF(G19="","",IF(OR(K19="YES",N(M19)>=Parameters!$C$15,AD19="BELOW FLOOR",AE19="At Risk"),"RED",IF(OR(N(M19)>=Parameters!$C$14,AND(J19<>"",I19<>"",J19>=I19*Parameters!$C$16),AND(Y19<>"",Y19<Parameters!$C$20),AE19="Gap"),"AMBER","GREEN"))) | AG19: =COUNTIFS('Risk & Issues Register'!$B$3:$B$200,A19,'Risk & Issues Register'!$N$3:$N$200,"<>Closed") -> 0
A20: SME-018 | I20: =IFERROR(VLOOKUP(G20,'Stage-Gate Definitions'!$A$3:$E$8,5,0),"") | J20: =IF(OR(H20="",G20="Complete",G20=""),"",TODAY()-H20) | K20: =IF(OR(J20="",I20=""),"",IF(J20>I20,"YES","")) | Y20: =IF(COUNTA(S20:X20)=0,"",COUNTIF(S20:X20,"Y")/6) | AC20: =IF(OR(Z20="",Z20=0),"",AB20/Z20) | AD20: =IF(AC20="","",IF(AND(TODAY()>=Parameters!$C$19,AC20<Parameters!$C$18),"BELOW FLOOR","")) | AF20: =IF(G20="","",IF(OR(K20="YES",N(M20)>=Parameters!$C$15,AD20="BELOW FLOOR",AE20="At Risk"),"RED",IF(OR(N(M20)>=Parameters!$C$14,AND(J20<>"",I20<>"",J20>=I20*Parameters!$C$16),AND(Y20<>"",Y20<Parameters!$C$20),AE20="Gap"),"AMBER","GREEN"))) | AG20: =COUNTIFS('Risk & Issues Register'!$B$3:$B$200,A20,'Risk & Issues Register'!$N$3:$N$200,"<>Closed") -> 0
A21: SME-019 | I21: =IFERROR(VLOOKUP(G21,'Stage-Gate Definitions'!$A$3:$E$8,5,0),"") | J21: =IF(OR(H21="",G21="Complete",G21=""),"",TODAY()-H21) | K21: =IF(OR(J21="",I21=""),"",IF(J21>I21,"YES","")) | Y21: =IF(COUNTA(S21:X21)=0,"",COUNTIF(S21:X21,"Y")/6) | AC21: =IF(OR(Z21="",Z21=0),"",AB21/Z21) | AD21: =IF(AC21="","",IF(AND(TODAY()>=Parameters!$C$19,AC21<Parameters!$C$18),"BELOW FLOOR","")) | AF21: =IF(G21="","",IF(OR(K21="YES",N(M21)>=Parameters!$C$15,AD21="BELOW FLOOR",AE21="At Risk"),"RED",IF(OR(N(M21)>=Parameters!$C$14,AND(J21<>"",I21<>"",J21>=I21*Parameters!$C$16),AND(Y21<>"",Y21<Parameters!$C$20),AE21="Gap"),"AMBER","GREEN"))) | AG21: =COUNTIFS('Risk & Issues Register'!$B$3:$B$200,A21,'Risk & Issues Register'!$N$3:$N$200,"<>Closed") -> 0
A22: SME-020 | I22: =IFERROR(VLOOKUP(G22,'Stage-Gate Definitions'!$A$3:$E$8,5,0),"") | J22: =IF(OR(H22="",G22="Complete",G22=""),"",TODAY()-H22) | K22: =IF(OR(J22="",I22=""),"",IF(J22>I22,"YES","")) | Y22: =IF(COUNTA(S22:X22)=0,"",COUNTIF(S22:X22,"Y")/6) | AC22: =IF(OR(Z22="",Z22=0),"",AB22/Z22) | AD22: =IF(AC22="","",IF(AND(TODAY()>=Parameters!$C$19,AC22<Parameters!$C$18),"BELOW FLOOR","")) | AF22: =IF(G22="","",IF(OR(K22="YES",N(M22)>=Parameters!$C$15,AD22="BELOW FLOOR",AE22="At Risk"),"RED",IF(OR(N(M22)>=Parameters!$C$14,AND(J22<>"",I22<>"",J22>=I22*Parameters!$C$16),AND(Y22<>"",Y22<Parameters!$C$20),AE22="Gap"),"AMBER","GREEN"))) | AG22: =COUNTIFS('Risk & Issues Register'!$B$3:$B$200,A22,'Risk & Issues Register'!$N$3:$N$200,"<>Closed") -> 0
... A82: SME-080 | I82: =IFERROR(VLOOKUP(G82,'Stage-Gate Definitions'!$A$3:$E$8,5,0),"") | J82: =IF(OR(H82="",G82="Complete",G82=""),"",TODAY()-H82) | K82: =IF(OR(J82="",I82=""),"",IF(J82>I82,"YES","")) | Y82: =IF(COUNTA(S82:X82)=0,"",COUNTIF(S82:X82,"Y")/6) | AC82: =IF(OR(Z82="",Z82=0),"",AB82/Z82) | AD82: =IF(AC82="","",IF(AND(TODAY()>=Parameters!$C$19,AC82<Parameters!$C$18),"BELOW FLOOR","")) | AF82: =IF(G82="","",IF(OR(K82="YES",N(M82)>=Parameters!$C$15,AD82="BELOW FLOOR",AE82="At Risk"),"RED",IF(OR(N(M82)>=Parameters!$C$14,AND(J82<>"",I82<>"",J82>=I82*Parameters!$C$16),AND(Y82<>"",Y82<Parameters!$C$20),AE82="Gap"),"AMBER","GREEN"))) | AG82: =COUNTIFS('Risk & Issues Register'!$B$3:$B$200,A82,'Risk & Issues Register'!$N$3:$N$200,"<>Closed") -> 0

Sheet Activity & Calendar Log
A1: ACTIVITY & CALENDAR LOG — every time-bound event. Daily instrument. Linked to the Registry by SME ID.
A2: Activity ID | B2: SME ID | C2: SME Name | D2: State | E2: Event Type | F2: Owner | G2: Planned Date | H2: Actual Date | I2: Status | J2: Variance (days) | K2: Notes | L2: Last Update
A3: ACT-001 | B3: SME-001 | C3: =IFERROR(VLOOKUP(B3,'Master SME Registry'!$A$3:$F$82,2,0),"") -> Kassala Grain Processing Co-op | D3: =IFERROR(VLOOKUP(B3,'Master SME Registry'!$A$3:$F$82,3,0),"") -> Kassala | E3: Coaching | F3: Coach A | G3: 46238 | I3: Planned | J3: =IF(OR(G3="",H3=""),"",H3-G3) | L3: 46239
A4: ACT-002 | B4: SME-002 | C4: =IFERROR(VLOOKUP(B4,'Master SME Registry'!$A$3:$F$82,2,0),"") -> River Nile Cold Storage Ltd | D4: =IFERROR(VLOOKUP(B4,'Master SME Registry'!$A$3:$F$82,3,0),"") -> River Nile | E4: Diagnostic | F4: Coach B | G4: 46203 | H4: 46203 | I4: Done | J4: =IF(OR(G4="",H4=""),"",H4-G4) -> 0 | L4: 46239
A5: ACT-003 | B5: SME-004 | C5: =IFERROR(VLOOKUP(B5,'Master SME Registry'!$A$3:$F$82,2,0),"") -> Dongola Date Packaging | D5: =IFERROR(VLOOKUP(B5,'Master SME Registry'!$A$3:$F$82,3,0),"") -> Northern | E5: Coaching | F5: Coach C | G5: 46210 | I5: Missed | J5: =IF(OR(G5="",H5=""),"",H5-G5) | L5: 46239
A6: ACT-004 | B6: SME-005 | C6: =IFERROR(VLOOKUP(B6,'Master SME Registry'!$A$3:$F$82,2,0),"") -> Halfa Agri-Processing | D6: =IFERROR(VLOOKUP(B6,'Master SME Registry'!$A$3:$F$82,3,0),"") -> Northern | E6: Field Visit | F6: Enabler 3 | G6: 46236 | H6: 46236 | I6: Done | J6: =IF(OR(G6="",H6=""),"",H6-G6) -> 0 | L6: 46239
A7: ACT-005 | B7: SME-007 | C7: =IFERROR(VLOOKUP(B7,'Master SME Registry'!$A$3:$F$82,2,0),"") -> Kassala Sesame Cleaners | D7: =IFERROR(VLOOKUP(B7,'Master SME Registry'!$A$3:$F$82,3,0),"") -> Kassala | E7: Coaching | F7: Coach A | G7: 46231 | I7: Missed | J7: =IF(OR(G7="",H7=""),"",H7-G7) | L7: 46239
A8: ACT-006 | B8: SME-003 | C8: =IFERROR(VLOOKUP(B8,'Master SME Registry'!$A$3:$F$82,2,0),"") -> Atbara Transport Collective | D8: =IFERROR(VLOOKUP(B8,'Master SME Registry'!$A$3:$F$82,3,0),"") -> River Nile | E8: Diagnostic | F8: Coach A | G8: 46240 | I8: Planned | J8: =IF(OR(G8="",H8=""),"",H8-G8) | L8: 46239
C9: =IFERROR(VLOOKUP(B9,'Master SME Registry'!$A$3:$F$82,2,0),"") | D9: =IFERROR(VLOOKUP(B9,'Master SME Registry'!$A$3:$F$82,3,0),"") | J9: =IF(OR(G9="",H9=""),"",H9-G9)
C10: =IFERROR(VLOOKUP(B10,'Master SME Registry'!$A$3:$F$82,2,0),"") | D10: =IFERROR(VLOOKUP(B10,'Master SME Registry'!$A$3:$F$82,3,0),"") | J10: =IF(OR(G10="",H10=""),"",H10-G10)
C11: =IFERROR(VLOOKUP(B11,'Master SME Registry'!$A$3:$F$82,2,0),"") | D11: =IFERROR(VLOOKUP(B11,'Master SME Registry'!$A$3:$F$82,3,0),"") | J11: =IF(OR(G11="",H11=""),"",H11-G11)
C12: =IFERROR(VLOOKUP(B12,'Master SME Registry'!$A$3:$F$82,2,0),"") | D12: =IFERROR(VLOOKUP(B12,'Master SME Registry'!$A$3:$F$82,3,0),"") | J12: =IF(OR(G12="",H12=""),"",H12-G12)
C13: =IFERROR(VLOOKUP(B13,'Master SME Registry'!$A$3:$F$82,2,0),"") | D13: =IFERROR(VLOOKUP(B13,'Master SME Registry'!$A$3:$F$82,3,0),"") | J13: =IF(OR(G13="",H13=""),"",H13-G13)
C14: =IFERROR(VLOOKUP(B14,'Master SME Registry'!$A$3:$F$82,2,0),"") | D14: =IFERROR(VLOOKUP(B14,'Master SME Registry'!$A$3:$F$82,3,0),"") | J14: =IF(OR(G14="",H14=""),"",H14-G14)
C15: =IFERROR(VLOOKUP(B15,'Master SME Registry'!$A$3:$F$82,2,0),"") | D15: =IFERROR(VLOOKUP(B15,'Master SME Registry'!$A$3:$F$82,3,0),"") | J15: =IF(OR(G15="",H15=""),"",H15-G15)
C16: =IFERROR(VLOOKUP(B16,'Master SME Registry'!$A$3:$F$82,2,0),"") | D16: =IFERROR(VLOOKUP(B16,'Master SME Registry'!$A$3:$F$82,3,0),"") | J16: =IF(OR(G16="",H16=""),"",H16-G16)
C17: =IFERROR(VLOOKUP(B17,'Master SME Registry'!$A$3:$F$82,2,0),"") | D17: =IFERROR(VLOOKUP(B17,'Master SME Registry'!$A$3:$F$82,3,0),"") | J17: =IF(OR(G17="",H17=""),"",H17-G17)
C18: =IFERROR(VLOOKUP(B18,'Master SME Registry'!$A$3:$F$82,2,0),"") | D18: =IFERROR(VLOOKUP(B18,'Master SME Registry'!$A$3:$F$82,3,0),"") | J18: =IF(OR(G18="",H18=""),"",H18-G18)
C19: =IFERROR(VLOOKUP(B19,'Master SME Registry'!$A$3:$F$82,2,0),"") | D19: =IFERROR(VLOOKUP(B19,'Master SME Registry'!$A$3:$F$82,3,0),"") | J19: =IF(OR(G19="",H19=""),"",H19-G19)
C20: =IFERROR(VLOOKUP(B20,'Master SME Registry'!$A$3:$F$82,2,0),"") | D20: =IFERROR(VLOOKUP(B20,'Master SME Registry'!$A$3:$F$82,3,0),"") | J20: =IF(OR(G20="",H20=""),"",H20-G20)
... C202: =IFERROR(VLOOKUP(B202,'Master SME Registry'!$A$3:$F$82,2,0),"") | D202: =IFERROR(VLOOKUP(B202,'Master SME Registry'!$A$3:$F$82,3,0),"") | J202: =IF(OR(G202="",H202=""),"",H202-G202)

Sheet Risk & Issues Register
A1: RISK & ISSUES REGISTER — the exception layer. Reads off live delivery data. Weekly review + immediate on red.
A2: Risk ID | B2: SME ID | C2: Risk Class | D2: Description | E2: Trigger Source | F2: Likelihood (1-5) | G2: Impact (1-5) | H2: Severity | I2: Severity RAG | J2: Date Raised | K2: Owner | L2: Decision Right | M2: Mitigation / Action | N2: Status | O2: Date Closed | P2: Age (days) | Q2: Escalated to PD
A3: RSK-001 | B3: SME-004 | C3: Performance | D3: Two consecutive coaching sessions missed; SME falling behind BDP. | E3: Adherence flag (4 missed) | F3: 4 | G3: 4 | H3: =IF(OR(F3="",G3=""),"",F3*G3) -> 16 | I3: =IF(H3="","",IF(H3>=15,"RED",IF(H3>=8,"AMBER","GREEN"))) -> RED | J3: 46211 | K3: Coach C | L3: Escalate | M3: Coach recovery plan; reschedule 2 sessions this week. | N3: Open | P3: =IF(J3="","",IF(N3="Closed",IF(O3="","",O3-J3),TODAY()-J3)) -> -30
A4: RSK-002 | B4: SME-002 | C4: Compliance | D4: Diagnostic not yet filed; BDP stage stalling on sign-off. | E4: Doc completeness 17% | F4: 3 | G4: 3 | H4: =IF(OR(F4="",G4=""),"",F4*G4) -> 9 | I4: =IF(H4="","",IF(H4>=15,"RED",IF(H4>=8,"AMBER","GREEN"))) -> AMBER | J4: 46218 | K4: Coach B | L4: Recommend | M4: Chase diagnostic sign-off before month-end report. | N4: In Progress | P4: =IF(J4="","",IF(N4="Closed",IF(O4="","",O4-J4),TODAY()-J4)) -> -37
A5: RSK-003 | B5: PORTFOLIO | C5: Operational | D5: Coach headcount not confirmed; capacity model cannot be validated. | E5: Capacity model deficit | F5: 4 | G5: 5 | H5: =IF(OR(F5="",G5=""),"",F5*G5) -> 20 | I5: =IF(H5="","",IF(H5>=15,"RED",IF(H5>=8,"AMBER","GREEN"))) -> RED | J5: 46178 | K5: Operations Mgr | L5: Escalate | M5: Confirm Coach/Enabler numbers with PD. | N5: Open | P5: =IF(J5="","",IF(N5="Closed",IF(O5="","",O5-J5),TODAY()-J5)) -> 3
A6: RSK-004 | B6: SME-007 | C6: Operational | D6: Security access delays in Kassala disrupting field cadence. | E6: Field regularity flag | F6: 3 | G6: 4 | H6: =IF(OR(F6="",G6=""),"",F6*G6) -> 12 | I6: =IF(H6="","",IF(H6>=15,"RED",IF(H6>=8,"AMBER","GREEN"))) -> AMBER | J6: 46232 | K6: Enabler 1 | L6: Escalate | M6: Cluster field visits; PD to liaise on access window. | N6: Open | P6: =IF(J6="","",IF(N6="Closed",IF(O6="","",O6-J6),TODAY()-J6)) -> -51
H7: =IF(OR(F7="",G7=""),"",F7*G7) | I7: =IF(H7="","",IF(H7>=15,"RED",IF(H7>=8,"AMBER","GREEN"))) | P7: =IF(J7="","",IF(N7="Closed",IF(O7="","",O7-J7),TODAY()-J7))
H8: =IF(OR(F8="",G8=""),"",F8*G8) | I8: =IF(H8="","",IF(H8>=15,"RED",IF(H8>=8,"AMBER","GREEN"))) | P8: =IF(J8="","",IF(N8="Closed",IF(O8="","",O8-J8),TODAY()-J8))
H9: =IF(OR(F9="",G9=""),"",F9*G9) | I9: =IF(H9="","",IF(H9>=15,"RED",IF(H9>=8,"AMBER","GREEN"))) | P9: =IF(J9="","",IF(N9="Closed",IF(O9="","",O9-J9),TODAY()-J9))
H10: =IF(OR(F10="",G10=""),"",F10*G10) | I10: =IF(H10="","",IF(H10>=15,"RED",IF(H10>=8,"AMBER","GREEN"))) | P10: =IF(J10="","",IF(N10="Closed",IF(O10="","",O10-J10),TODAY()-J10))
H11: =IF(OR(F11="",G11=""),"",F11*G11) | I11: =IF(H11="","",IF(H11>=15,"RED",IF(H11>=8,"AMBER","GREEN"))) | P11: =IF(J11="","",IF(N11="Closed",IF(O11="","",O11-J11),TODAY()-J11))
H12: =IF(OR(F12="",G12=""),"",F12*G12) | I12: =IF(H12="","",IF(H12>=15,"RED",IF(H12>=8,"AMBER","GREEN"))) | P12: =IF(J12="","",IF(N12="Closed",IF(O12="","",O12-J12),TODAY()-J12))
H13: =IF(OR(F13="",G13=""),"",F13*G13) | I13: =IF(H13="","",IF(H13>=15,"RED",IF(H13>=8,"AMBER","GREEN"))) | P13: =IF(J13="","",IF(N13="Closed",IF(O13="","",O13-J13),TODAY()-J13))
H14: =IF(OR(F14="",G14=""),"",F14*G14) | I14: =IF(H14="","",IF(H14>=15,"RED",IF(H14>=8,"AMBER","GREEN"))) | P14: =IF(J14="","",IF(N14="Closed",IF(O14="","",O14-J14),TODAY()-J14))
H15: =IF(OR(F15="",G15=""),"",F15*G15) | I15: =IF(H15="","",IF(H15>=15,"RED",IF(H15>=8,"AMBER","GREEN"))) | P15: =IF(J15="","",IF(N15="Closed",IF(O15="","",O15-J15),TODAY()-J15))
H16: =IF(OR(F16="",G16=""),"",F16*G16) | I16: =IF(H16="","",IF(H16>=15,"RED",IF(H16>=8,"AMBER","GREEN"))) | P16: =IF(J16="","",IF(N16="Closed",IF(O16="","",O16-J16),TODAY()-J16))
H17: =IF(OR(F17="",G17=""),"",F17*G17) | I17: =IF(H17="","",IF(H17>=15,"RED",IF(H17>=8,"AMBER","GREEN"))) | P17: =IF(J17="","",IF(N17="Closed",IF(O17="","",O17-J17),TODAY()-J17))
H18: =IF(OR(F18="",G18=""),"",F18*G18) | I18: =IF(H18="","",IF(H18>=15,"RED",IF(H18>=8,"AMBER","GREEN"))) | P18: =IF(J18="","",IF(N18="Closed",IF(O18="","",O18-J18),TODAY()-J18))
... H202: =IF(OR(F202="",G202=""),"",F202*G202) | I202: =IF(H202="","",IF(H202>=15,"RED",IF(H202>=8,"AMBER","GREEN"))) | P202: =IF(J202="","",IF(N202="Closed",IF(O202="","",O202-J202),TODAY()-J202))

Sheet Capacity Model
A1: CAPACITY MODEL — does the delivery math close? Auto-flags an impossible model the moment headcount goes in.
A2: Supply (what the team can deliver over the window) vs Demand (what 80 SMEs require). Red = deficit. Fill Coaches/Enablers in Parameters to activate.
A3: Service line | B3: Supply (window) | C3: Demand (window) | D3: Balance | E3: Utilisation | F3: Verdict
A4: Diagnostics | B4: =Parameters!$C$10*Parameters!$C$23*Parameters!$C$8 -> 0 | C4: =Parameters!$C$9*Parameters!$C$29 -> 80 | D4: =B4-C4 -> -80 | E4: =IF(B4=0,"",C4/B4) | F4: =IF(B4=0,"Enter headcount",IF(B4>=C4,"OK — capacity sufficient","DEFICIT — model infeasible")) -> Enter headcount
A5: BDPs | B5: =Parameters!$C$10*Parameters!$C$24*Parameters!$C$8 -> 0 | C5: =Parameters!$C$9*Parameters!$C$30 -> 80 | D5: =B5-C5 -> -80 | E5: =IF(B5=0,"",C5/B5) | F5: =IF(B5=0,"Enter headcount",IF(B5>=C5,"OK — capacity sufficient","DEFICIT — model infeasible")) -> Enter headcount
A6: Coaching sessions | B6: =Parameters!$C$10*Parameters!$C$25*Parameters!$C$8 -> 0 | C6: =Parameters!$C$9*Parameters!$C$31 -> 960 | D6: =B6-C6 -> -960 | E6: =IF(B6=0,"",C6/B6) | F6: =IF(B6=0,"Enter headcount",IF(B6>=C6,"OK — capacity sufficient","DEFICIT — model infeasible")) -> Enter headcount
A7: Field visits | B7: =Parameters!$C$11*Parameters!$C$26*Parameters!$C$8 -> 0 | C7: =Parameters!$C$9*Parameters!$C$32 -> 320 | D7: =B7-C7 -> -320 | E7: =IF(B7=0,"",C7/B7) | F7: =IF(B7=0,"Enter headcount",IF(B7>=C7,"OK — capacity sufficient","DEFICIT — model infeasible")) -> Enter headcount
A9: Reading: any 'DEFICIT' line means the current headcount cannot deliver that service across 80 SMEs in the window. Raise headcount, reduce per-SME volume, or extend timeline — and surface it to the PD.

Sheet KPI Scorecard
A1: KPI SCORECARD — the managerial control set. Computed live off the Registry & Activity Log.
A2: Metric | B2: Value | C2: Target | D2: What it tells you
A3: Active SMEs (in cycle) | B3: =SUMPRODUCT(('Master SME Registry'!$G$3:$G$82<>"")*('Master SME Registry'!$G$3:$G$82<>"Not Started")) -> 8 | C3: =Parameters!$C$9 -> 80 | D3: Headline portfolio load.
A4: SMEs Complete | B4: =COUNTIF('Master SME Registry'!$G$3:$G$82,"Complete") -> 1 | C4: — | D4: Throughput end-state.
A5: Stage progression rate (past Diagnostic) | B5: =IFERROR(SUMPRODUCT(('Master SME Registry'!$G$3:$G$82<>"")*('Master SME Registry'!$G$3:$G$82<>"Not Started")*('Master SME Registry'!$G$3:$G$82<>"Diagnostic"))/SUMPRODUCT(('Master SME Registry'!$G$3:$G$82<>"")*('Master SME Registry'!$G$3:$G$82<>"Not Started")),0) -> 0.75 | C5: 0.7 | D5: Share moved beyond diagnostic.
A6: Overdue cases (stage past cap) | B6: =COUNTIF('Master SME Registry'!$K$3:$K$82,"YES") -> 0 | C6: 0 | D6: Direct red-flag count.
A7: Coaching adherence rate | B7: =IFERROR(COUNTIFS('Activity & Calendar Log'!$E$3:$E$202,"Coaching",'Activity & Calendar Log'!$I$3:$I$202,"Done")/COUNTIFS('Activity & Calendar Log'!$E$3:$E$202,"Coaching",'Activity & Calendar Log'!$I$3:$I$202,"<>"),0) -> 0 | C7: 0.9 | D7: Sessions done vs scheduled.
A8: Field visit completion rate | B8: =IFERROR(COUNTIFS('Activity & Calendar Log'!$E$3:$E$202,"Field Visit",'Activity & Calendar Log'!$I$3:$I$202,"Done")/COUNTIFS('Activity & Calendar Log'!$E$3:$E$202,"Field Visit",'Activity & Calendar Log'!$I$3:$I$202,"<>"),0) -> 1 | C8: 0.9 | D8: Field cadence control.
A9: BDP completion rate | B9: =IFERROR(COUNTIF('Master SME Registry'!$T$3:$T$82,"Y")/SUMPRODUCT(('Master SME Registry'!$G$3:$G$82<>"")*('Master SME Registry'!$G$3:$G$82<>"Not Started")),0) -> 0.625 | C9: 0.8 | D9: Approved BDPs across active SMEs.
A10: Avg documentation completeness | B10: =IFERROR(AVERAGEIF('Master SME Registry'!$Y$3:$Y$82,">=0"),0) -> 0.4375 | C10: 0.8 | D10: Audit-readiness signal.
A11: Open risks (count) | B11: =COUNTIF('Risk & Issues Register'!$N$3:$N$202,"Open")+COUNTIF('Risk & Issues Register'!$N$3:$N$202,"In Progress") -> 4 | C11: — | D11: Active exception load.
A12: Red risks (count) | B12: =COUNTIFS('Risk & Issues Register'!$I$3:$I$202,"RED",'Risk & Issues Register'!$N$3:$N$202,"<>Closed") -> 2 | C12: 0 | D12: Needs PD attention.
A13: Oldest open risk (days) | B13: =IFERROR(maxifs('Risk & Issues Register'!$P$3:$P$202,'Risk & Issues Register'!$N$3:$N$202,"<>Closed"),0) -> 0 | C13: <30 | D13: Risk aging — stale = bad.
A14: Avg grant utilisation | B14: =IFERROR(AVERAGEIF('Master SME Registry'!$AC$3:$AC$82,">=0"),0) -> 0.41726641 | C14: — | D14: Burn-rate health.
A16: WORKLOAD BY COACH (type Coach names below; caseload counts auto-fill from the Registry)
A17: Coach name | B17: Active caseload | C17: Avg caseload | D17: Imbalance flag
A18: Coach A | B18: =IF($A18="","",SUMPRODUCT(('Master SME Registry'!$E$3:$E$82=$A18)*('Master SME Registry'!$G$3:$G$82<>"")*('Master SME Registry'!$G$3:$G$82<>"Not Started"))) -> 3 | C18: =IF($A18="","",IFERROR(AVERAGEIF($B$18:$B$25,">=0"),0)) -> 3 | D18: =IF($A18="","",IF(B18>C18*1.25,"OVERLOADED",IF(B18<C18*0.75,"light","balanced"))) -> balanced
B19: =IF($A19="","",SUMPRODUCT(('Master SME Registry'!$E$3:$E$82=$A19)*('Master SME Registry'!$G$3:$G$82<>"")*('Master SME Registry'!$G$3:$G$82<>"Not Started"))) | C19: =IF($A19="","",IFERROR(AVERAGEIF($B$18:$B$25,">=0"),0)) | D19: =IF($A19="","",IF(B19>C19*1.25,"OVERLOADED",IF(B19<C19*0.75,"light","balanced")))
B20: =IF($A20="","",SUMPRODUCT(('Master SME Registry'!$E$3:$E$82=$A20)*('Master SME Registry'!$G$3:$G$82<>"")*('Master SME Registry'!$G$3:$G$82<>"Not Started"))) | C20: =IF($A20="","",IFERROR(AVERAGEIF($B$18:$B$25,">=0"),0)) | D20: =IF($A20="","",IF(B20>C20*1.25,"OVERLOADED",IF(B20<C20*0.75,"light","balanced")))
B21: =IF($A21="","",SUMPRODUCT(('Master SME Registry'!$E$3:$E$82=$A21)*('Master SME Registry'!$G$3:$G$82<>"")*('Master SME Registry'!$G$3:$G$82<>"Not Started"))) | C21: =IF($A21="","",IFERROR(AVERAGEIF($B$18:$B$25,">=0"),0)) | D21: =IF($A21="","",IF(B21>C21*1.25,"OVERLOADED",IF(B21<C21*0.75,"light","balanced")))
B22: =IF($A22="","",SUMPRODUCT(('Master SME Registry'!$E$3:$E$82=$A22)*('Master SME Registry'!$G$3:$G$82<>"")*('Master SME Registry'!$G$3:$G$82<>"Not Started"))) | C22: =IF($A22="","",IFERROR(AVERAGEIF($B$18:$B$25,">=0"),0)) | D22: =IF($A22="","",IF(B22>C22*1.25,"OVERLOADED",IF(B22<C22*0.75,"light","balanced")))
B23: =IF($A23="","",SUMPRODUCT(('Master SME Registry'!$E$3:$E$82=$A23)*('Master SME Registry'!$G$3:$G$82<>"")*('Master SME Registry'!$G$3:$G$82<>"Not Started"))) | C23: =IF($A23="","",IFERROR(AVERAGEIF($B$18:$B$25,">=0"),0)) | D23: =IF($A23="","",IF(B23>C23*1.25,"OVERLOADED",IF(B23<C23*0.75,"light","balanced")))
B24: =IF($A24="","",SUMPRODUCT(('Master SME Registry'!$E$3:$E$82=$A24)*('Master SME Registry'!$G$3:$G$82<>"")*('Master SME Registry'!$G$3:$G$82<>"Not Started"))) | C24: =IF($A24="","",IFERROR(AVERAGEIF($B$18:$B$25,">=0"),0)) | D24: =IF($A24="","",IF(B24>C24*1.25,"OVERLOADED",IF(B24<C24*0.75,"light","balanced")))
B25: =IF($A25="","",SUMPRODUCT(('Master SME Registry'!$E$3:$E$82=$A25)*('Master SME Registry'!$G$3:$G$82<>"")*('Master SME Registry'!$G$3:$G$82<>"Not Started"))) | C25: =IF($A25="","",IFERROR(AVERAGEIF($B$18:$B$25,">=0"),0)) | D25: =IF($A25="","",IF(B25>C25*1.25,"OVERLOADED",IF(B25<C25*0.75,"light","balanced")))

Sheet Dashboard — Executive
B1: THABAT PP — EXECUTIVE DASHBOARD (Project Director view)
B2: Status → variance → cause → action. Concise, decision-oriented. All figures auto-update from the Registry.
B4: ACTIVE SMEs | D4: COMPLETE | F4: OVERDUE CASES | H4: OPEN RISKS | J4: RED RISKS
B5: ='KPI Scorecard'!$B$3 -> 8 | D5: ='KPI Scorecard'!$B$4 -> 1 | F5: ='KPI Scorecard'!$B$6 -> 0 | H5: ='KPI Scorecard'!$B$11 -> 4 | J5: ='KPI Scorecard'!$B$12 -> 2
B8: SMEs BY STAGE | H8: RAG DISTRIBUTION
B21: DECISIONS NEEDED FROM PD
B22: =CONCATENATE("Risks flagged for escalation (open): ",COUNTIFS('Risk & Issues Register'!$L$3:$L$202,"Escalate",'Risk & Issues Register'!$N$3:$N$202,"<>Closed")," | Red risks: ",'KPI Scorecard'!$B$12," | See Risk & Issues Register, filter Decision Right = Escalate.") -> Risks flagged for escalation (open): 3 | Red risks: 2 | See Risk & Issues Register, filter Decision Right = Escalate.
B24: PIPELINE MOVEMENT | H24: SMEs BY STATE
B30: _stage
B31: Not Started | C31: =COUNTIF('Master SME Registry'!$G$3:$G$82,"Not Started") -> 0 | E31: Kassala | F31: =COUNTIF('Master SME Registry'!$C$3:$C$82,"Kassala") -> 3 | H31: GREEN | I31: =COUNTIF('Master SME Registry'!$AF$3:$AF$82,"GREEN") -> 2
B32: Diagnostic | C32: =COUNTIF('Master SME Registry'!$G$3:$G$82,"Diagnostic") -> 2 | E32: River Nile | F32: =COUNTIF('Master SME Registry'!$C$3:$C$82,"River Nile") -> 3 | H32: AMBER | I32: =COUNTIF('Master SME Registry'!$AF$3:$AF$82,"AMBER") -> 4
B33: Business Development Plan | C33: =COUNTIF('Master SME Registry'!$G$3:$G$82,"Business Development Plan") -> 1 | E33: Northern | F33: =COUNTIF('Master SME Registry'!$C$3:$C$82,"Northern") -> 2 | H33: RED | I33: =COUNTIF('Master SME Registry'!$AF$3:$AF$82,"RED") -> 2
B34: Coaching | C34: =COUNTIF('Master SME Registry'!$G$3:$G$82,"Coaching") -> 3
B35: Field Follow-up | C35: =COUNTIF('Master SME Registry'!$G$3:$G$82,"Field Follow-up") -> 1
B36: Complete | C36: =COUNTIF('Master SME Registry'!$G$3:$G$82,"Complete") -> 1
B40: Diagnostics filed | C40: =COUNTIF('Master SME Registry'!$S$3:$S$82,"Y") -> 6
B41: BDPs filed | C41: =COUNTIF('Master SME Registry'!$T$3:$T$82,"Y") -> 5
B42: In coaching | C42: =COUNTIF('Master SME Registry'!$G$3:$G$82,"Coaching") -> 3
B43: In field follow-up | C43: =COUNTIF('Master SME Registry'!$G$3:$G$82,"Field Follow-up") -> 1
B44: Complete | C44: =COUNTIF('Master SME Registry'!$G$3:$G$82,"Complete") -> 1

Sheet Dashboard — Operational
B1: THABAT PP — OPERATIONAL DASHBOARD (your delivery cockpit)
B2: Detailed control view. Run the work from here: adherence, workload, documentation, overdue, live risks.
B4: STAGE PROGRESSION | D4: COACHING ADHERENCE | F4: FIELD COMPLETION | H4: BDP COMPLETION | J4: DOC COMPLETENESS
B5: ='KPI Scorecard'!$B$5 -> 0.75 | D5: ='KPI Scorecard'!$B$7 -> 0 | F5: ='KPI Scorecard'!$B$8 -> 1 | H5: ='KPI Scorecard'!$B$9 -> 0.625 | J5: ='KPI Scorecard'!$B$10 -> 0.4375
B8: WORKLOAD BY COACH
B9: Coach | C9: Caseload | D9: Flag
B10: ='KPI Scorecard'!$A$18 -> Coach A | C10: ='KPI Scorecard'!$B$18 -> 3 | D10: ='KPI Scorecard'!$D$18 -> balanced
B11: ='KPI Scorecard'!$A$19 -> 0 | C11: ='KPI Scorecard'!$B$19 | D11: ='KPI Scorecard'!$D$19
B12: ='KPI Scorecard'!$A$20 -> 0 | C12: ='KPI Scorecard'!$B$20 | D12: ='KPI Scorecard'!$D$20
B13: ='KPI Scorecard'!$A$21 -> 0 | C13: ='KPI Scorecard'!$B$21 | D13: ='KPI Scorecard'!$D$21
B14: ='KPI Scorecard'!$A$22 -> 0 | C14: ='KPI Scorecard'!$B$22 | D14: ='KPI Scorecard'!$D$22
B15: ='KPI Scorecard'!$A$23 -> 0 | C15: ='KPI Scorecard'!$B$23 | D15: ='KPI Scorecard'!$D$23
B16: ='KPI Scorecard'!$A$24 -> 0 | C16: ='KPI Scorecard'!$B$24 | D16: ='KPI Scorecard'!$D$24
B17: ='KPI Scorecard'!$A$25 -> 0 | C17: ='KPI Scorecard'!$B$25 | D17: ='KPI Scorecard'!$D$25
B20: DOCUMENTATION GAPS (missing = count of 'N' or blank)
B21: Document | C21: Missing
B22: Missing diagnostics | C22: =SUMPRODUCT(('Master SME Registry'!$G$3:$G$82<>"")*('Master SME Registry'!$G$3:$G$82<>"Not Started"))-COUNTIF('Master SME Registry'!$S$3:$S$82,"Y") -> 2
B23: Missing BDPs | C23: =SUMPRODUCT(('Master SME Registry'!$G$3:$G$82<>"")*('Master SME Registry'!$G$3:$G$82<>"Not Started"))-COUNTIF('Master SME Registry'!$T$3:$T$82,"Y") -> 3
B24: Missing coaching notes | C24: =SUMPRODUCT(('Master SME Registry'!$G$3:$G$82<>"")*('Master SME Registry'!$G$3:$G$82<>"Not Started"))-COUNTIF('Master SME Registry'!$U$3:$U$82,"Y") -> 5
B25: Missing field notes | C25: =SUMPRODUCT(('Master SME Registry'!$G$3:$G$82<>"")*('Master SME Registry'!$G$3:$G$82<>"Not Started"))-COUNTIF('Master SME Registry'!$V$3:$V$82,"Y") -> 6
B26: Missing compliance recs | C26: =SUMPRODUCT(('Master SME Registry'!$G$3:$G$82<>"")*('Master SME Registry'!$G$3:$G$82<>"Not Started"))-COUNTIF('Master SME Registry'!$W$3:$W$82,"Y") -> 5
B27: Missing approvals | C27: =SUMPRODUCT(('Master SME Registry'!$G$3:$G$82<>"")*('Master SME Registry'!$G$3:$G$82<>"Not Started"))-COUNTIF('Master SME Registry'!$X$3:$X$82,"Y") -> 6
B30: SCHEDULE ADHERENCE (from Activity & Calendar Log)
B31: Coaching done | C31: =COUNTIFS('Activity & Calendar Log'!$E$3:$E$202,"Coaching",'Activity & Calendar Log'!$I$3:$I$202,"Done") -> 0 | E31: Coaching missed | F31: =COUNTIFS('Activity & Calendar Log'!$E$3:$E$202,"Coaching",'Activity & Calendar Log'!$I$3:$I$202,"Missed") -> 2 | H31: Field done | I31: =COUNTIFS('Activity & Calendar Log'!$E$3:$E$202,"Field Visit",'Activity & Calendar Log'!$I$3:$I$202,"Done") -> 1
B32: Overdue stages | C32: =COUNTIF('Master SME Registry'!$K$3:$K$82,"YES") -> 0 | E32: Planned (upcoming) | F32: =COUNTIF('Activity & Calendar Log'!$I$3:$I$202,"Planned") -> 2 | H32: Oldest open risk (d) | I32: ='KPI Scorecard'!$B$13 -> 0
B34: LIVE OPEN RISKS (top of register)
B35: Risk ID | C35: SME | D35: Class | E35: Severity RAG | F35: Owner | G35: Decision Right | H35: Status | I35: Age (d)
B36: =IF('Risk & Issues Register'!$A$3="","",'Risk & Issues Register'!A$3) -> RSK-001 | C36: =IF('Risk & Issues Register'!$A$3="","",'Risk & Issues Register'!B$3) -> SME-004 | D36: =IF('Risk & Issues Register'!$A$3="","",'Risk & Issues Register'!C$3) -> Performance | E36: =IF('Risk & Issues Register'!$A$3="","",'Risk & Issues Register'!I$3) -> RED | F36: =IF('Risk & Issues Register'!$A$3="","",'Risk & Issues Register'!K$3) -> Coach C | G36: =IF('Risk & Issues Register'!$A$3="","",'Risk & Issues Register'!L$3) -> Escalate | H36: =IF('Risk & Issues Register'!$A$3="","",'Risk & Issues Register'!N$3) -> Open | I36: =IF('Risk & Issues Register'!$A$3="","",'Risk & Issues Register'!P$3) -> -30
B37: =IF('Risk & Issues Register'!$A$4="","",'Risk & Issues Register'!A$4) -> RSK-002 | C37: =IF('Risk & Issues Register'!$A$4="","",'Risk & Issues Register'!B$4) -> SME-002 | D37: =IF('Risk & Issues Register'!$A$4="","",'Risk & Issues Register'!C$4) -> Compliance | E37: =IF('Risk & Issues Register'!$A$4="","",'Risk & Issues Register'!I$4) -> AMBER | F37: =IF('Risk & Issues Register'!$A$4="","",'Risk & Issues Register'!K$4) -> Coach B | G37: =IF('Risk & Issues Register'!$A$4="","",'Risk & Issues Register'!L$4) -> Recommend | H37: =IF('Risk & Issues Register'!$A$4="","",'Risk & Issues Register'!N$4) -> In Progress | I37: =IF('Risk & Issues Register'!$A$4="","",'Risk & Issues Register'!P$4) -> -37
B38: =IF('Risk & Issues Register'!$A$5="","",'Risk & Issues Register'!A$5) -> RSK-003 | C38: =IF('Risk & Issues Register'!$A$5="","",'Risk & Issues Register'!B$5) -> PORTFOLIO | D38: =IF('Risk & Issues Register'!$A$5="","",'Risk & Issues Register'!C$5) -> Operational | E38: =IF('Risk & Issues Register'!$A$5="","",'Risk & Issues Register'!I$5) -> RED | F38: =IF('Risk & Issues Register'!$A$5="","",'Risk & Issues Register'!K$5) -> Operations Mgr | G38: =IF('Risk & Issues Register'!$A$5="","",'Risk & Issues Register'!L$5) -> Escalate | H38: =IF('Risk & Issues Register'!$A$5="","",'Risk & Issues Register'!N$5) -> Open | I38: =IF('Risk & Issues Register'!$A$5="","",'Risk & Issues Register'!P$5) -> 3
B39: =IF('Risk & Issues Register'!$A$6="","",'Risk & Issues Register'!A$6) -> RSK-004 | C39: =IF('Risk & Issues Register'!$A$6="","",'Risk & Issues Register'!B$6) -> SME-007 | D39: =IF('Risk & Issues Register'!$A$6="","",'Risk & Issues Register'!C$6) -> Operational | E39: =IF('Risk & Issues Register'!$A$6="","",'Risk & Issues Register'!I$6) -> AMBER | F39: =IF('Risk & Issues Register'!$A$6="","",'Risk & Issues Register'!K$6) -> Enabler 1 | G39: =IF('Risk & Issues Register'!$A$6="","",'Risk & Issues Register'!L$6) -> Escalate | H39: =IF('Risk & Issues Register'!$A$6="","",'Risk & Issues Register'!N$6) -> Open | I39: =IF('Risk & Issues Register'!$A$6="","",'Risk & Issues Register'!P$6) -> -51
B40: =IF('Risk & Issues Register'!$A$7="","",'Risk & Issues Register'!A$7) | C40: =IF('Risk & Issues Register'!$A$7="","",'Risk & Issues Register'!B$7) | D40: =IF('Risk & Issues Register'!$A$7="","",'Risk & Issues Register'!C$7) | E40: =IF('Risk & Issues Register'!$A$7="","",'Risk & Issues Register'!I$7) | F40: =IF('Risk & Issues Register'!$A$7="","",'Risk & Issues Register'!K$7) | G40: =IF('Risk & Issues Register'!$A$7="","",'Risk & Issues Register'!L$7) | H40: =IF('Risk & Issues Register'!$A$7="","",'Risk & Issues Register'!N$7) | I40: =IF('Risk & Issues Register'!$A$7="","",'Risk & Issues Register'!P$7)
B41: =IF('Risk & Issues Register'!$A$8="","",'Risk & Issues Register'!A$8) | C41: =IF('Risk & Issues Register'!$A$8="","",'Risk & Issues Register'!B$8) | D41: =IF('Risk & Issues Register'!$A$8="","",'Risk & Issues Register'!C$8) | E41: =IF('Risk & Issues Register'!$A$8="","",'Risk & Issues Register'!I$8) | F41: =IF('Risk & Issues Register'!$A$8="","",'Risk & Issues Register'!K$8) | G41: =IF('Risk & Issues Register'!$A$8="","",'Risk & Issues Register'!L$8) | H41: =IF('Risk & Issues Register'!$A$8="","",'Risk & Issues Register'!N$8) | I41: =IF('Risk & Issues Register'!$A$8="","",'Risk & Issues Register'!P$8)
B42: =IF('Risk & Issues Register'!$A$9="","",'Risk & Issues Register'!A$9) | C42: =IF('Risk & Issues Register'!$A$9="","",'Risk & Issues Register'!B$9) | D42: =IF('Risk & Issues Register'!$A$9="","",'Risk & Issues Register'!C$9) | E42: =IF('Risk & Issues Register'!$A$9="","",'Risk & Issues Register'!I$9) | F42: =IF('Risk & Issues Register'!$A$9="","",'Risk & Issues Register'!K$9) | G42: =IF('Risk & Issues Register'!$A$9="","",'Risk & Issues Register'!L$9) | H42: =IF('Risk & Issues Register'!$A$9="","",'Risk & Issues Register'!N$9) | I42: =IF('Risk & Issues Register'!$A$9="","",'Risk & Issues Register'!P$9)
B43: =IF('Risk & Issues Register'!$A$10="","",'Risk & Issues Register'!A$10) | C43: =IF('Risk & Issues Register'!$A$10="","",'Risk & Issues Register'!B$10) | D43: =IF('Risk & Issues Register'!$A$10="","",'Risk & Issues Register'!C$10) | E43: =IF('Risk & Issues Register'!$A$10="","",'Risk & Issues Register'!I$10) | F43: =IF('Risk & Issues Register'!$A$10="","",'Risk & Issues Register'!K$10) | G43: =IF('Risk & Issues Register'!$A$10="","",'Risk & Issues Register'!L$10) | H43: =IF('Risk & Issues Register'!$A$10="","",'Risk & Issues Register'!N$10) | I43: =IF('Risk & Issues Register'!$A$10="","",'Risk & Issues Register'!P$10)
B44: =IF('Risk & Issues Register'!$A$11="","",'Risk & Issues Register'!A$11) | C44: =IF('Risk & Issues Register'!$A$11="","",'Risk & Issues Register'!B$11) | D44: =IF('Risk & Issues Register'!$A$11="","",'Risk & Issues Register'!C$11) | E44: =IF('Risk & Issues Register'!$A$11="","",'Risk & Issues Register'!I$11) | F44: =IF('Risk & Issues Register'!$A$11="","",'Risk & Issues Register'!K$11) | G44: =IF('Risk & Issues Register'!$A$11="","",'Risk & Issues Register'!L$11) | H44: =IF('Risk & Issues Register'!$A$11="","",'Risk & Issues Register'!N$11) | I44: =IF('Risk & Issues Register'!$A$11="","",'Risk & Issues Register'!P$11)
B45: =IF('Risk & Issues Register'!$A$12="","",'Risk & Issues Register'!A$12) | C45: =IF('Risk & Issues Register'!$A$12="","",'Risk & Issues Register'!B$12) | D45: =IF('Risk & Issues Register'!$A$12="","",'Risk & Issues Register'!C$12) | E45: =IF('Risk & Issues Register'!$A$12="","",'Risk & Issues Register'!I$12) | F45: =IF('Risk & Issues Register'!$A$12="","",'Risk & Issues Register'!K$12) | G45: =IF('Risk & Issues Register'!$A$12="","",'Risk & Issues Register'!L$12) | H45: =IF('Risk & Issues Register'!$A$12="","",'Risk & Issues Register'!N$12) | I45: =IF('Risk & Issues Register'!$A$12="","",'Risk & Issues Register'!P$12)
